,0
0,"{""created_at"": ""Thu Nov 11 19:57:01 +0000 2021"", ""favorited"": true, ""hashtags"": [], ""id"": 1458886501190746116, ""id_str"": ""1458886501190746116"", ""lang"": ""es"", ""retweet_count"": 55, ""retweeted"": true, ""retweeted_status"": {""created_at"": ""Tue Nov 09 17:49:33 +0000 2021"", ""favorite_count"": 119, ""favorited"": true, ""hashtags"": [], ""id"": 1458129648575991817, ""id_str"": ""1458129648575991817"", ""lang"": ""es"", ""retweet_count"": 55, ""retweeted"": true, ""source"": ""<a href=\""https://mobile.twitter.com\"" rel=\""nofollow\"">Twitter Web App</a>"", ""text"": ""\u00bfC\u00f3mo sabemos que una campa\u00f1a coordinada fue amplificada?\u2753\u2753\u2753\n\nR. La proporci\u00f3n entre tuits originales contra retuit\u2026 https://t.co/YJzJ6cKUgL"", ""truncated"": true, ""urls"": [{""expanded_url"": ""https://twitter.com/i/web/status/1458129648575991817"", ""url"": ""https://t.co/YJzJ6cKUgL""}], ""user"": {""created_at"": ""Fri Dec 17 20:53:31 +0000 2010"", ""description"": ""Data Scientist & Data Analyst \ud83d\udcbb\nSocial Network Analysis & Data Science \ud83d\udcc8 \ud83d\udcca\nPostdoc at IIMAS @IIMAS_UNAM \ud83c\uddf2\ud83c\uddfd\nPh.D. in Computer Science @Uni_of_Essex \ud83c\uddec\ud83c\udde7"", ""favourites_count"": 6644, ""followers_count"": 14722, ""following"": true, ""friends_count"": 347, ""id"": 227794959, ""id_str"": ""227794959"", ""listed_count"": 176, ""location"": ""M\u00e9xico"", ""name"": ""Carlos Pi\u00f1a"", ""profile_background_color"": ""000000"", ""profile_background_image_url"": ""http://abs.twimg.com/images/themes/theme1/bg.png"", ""profile_background_image_url_https"": ""https://abs.twimg.com/images/themes/theme1/bg.png"", ""profile_banner_url"": ""https://pbs.twimg.com/profile_banners/227794959/1603132585"", ""profile_image_url"": ""http://pbs.twimg.com/profile_images/854056120108802048/z6pVLvKE_normal.jpg"", ""profile_image_url_https"": ""https://pbs.twimg.com/profile_images/854056120108802048/z6pVLvKE_normal.jpg"", ""profile_link_color"": ""3B94D9"", ""profile_sidebar_border_color"": ""000000"", ""profile_sidebar_fill_color"": ""000000"", ""profile_text_color"": ""000000"", ""profile_use_background_image"": true, ""screen_name"": ""Piniisima"", ""statuses_count"": 2715, ""withheld_in_countries"": []}, ""user_mentions"": []}, ""source"": ""<a href=\""http://twitter.com/download/android\"" rel=\""nofollow\"">Twitter for Android</a>"", ""text"": ""RT @Piniisima: \u00bfC\u00f3mo sabemos que una campa\u00f1a coordinada fue amplificada?\u2753\u2753\u2753\n\nR. La proporci\u00f3n entre tuits originales contra retuits es muy\u2026"", ""urls"": [], ""user"": {""created_at"": ""Tue Jan 19 18:16:44 +0000 2010"", ""description"": ""Interdisciplinary Scientist."", ""favourites_count"": 2327, ""followers_count"": 317, ""friends_count"": 103, ""geo_enabled"": true, ""id"": 106483037, ""id_str"": ""106483037"", ""listed_count"": 2, ""location"": ""Bogot\u00e1, D.C., Colombia"", ""name"": ""Juan C. Correa"", ""profile_background_color"": ""000000"", ""profile_background_image_url"": ""http://abs.twimg.com/images/themes/theme1/bg.png"", ""profile_background_image_url_https"": ""https://abs.twimg.com/images/themes/theme1/bg.png"", ""profile_background_tile"": true, ""profile_banner_url"": ""https://pbs.twimg.com/profile_banners/106483037/1560802656"", ""profile_image_url"": ""http://pbs.twimg.com/profile_images/1449048000106401792/k1zKa9G5_normal.jpg"", ""profile_image_url_https"": ""https://pbs.twimg.com/profile_images/1449048000106401792/k1zKa9G5_normal.jpg"", ""profile_link_color"": ""194990"", ""profile_sidebar_border_color"": ""FFFFFF"", ""profile_sidebar_fill_color"": ""EFEFEF"", ""profile_text_color"": ""333809"", ""profile_use_background_image"": true, ""screen_name"": ""jcorrean"", ""statuses_count"": 1925, ""url"": ""https://t.co/hYf59MSnom"", ""withheld_in_countries"": []}, ""user_mentions"": [{""id"": 227794959, ""id_str"": ""227794959"", ""name"": ""Carlos Pi\u00f1a"", ""screen_name"": ""Piniisima""}]}"
1,"{""created_at"": ""Thu Nov 04 19:36:42 +0000 2021"", ""favorited"": true, ""hashtags"": [], ""id"": 1456344673694457857, ""id_str"": ""1456344673694457857"", ""lang"": ""en"", ""retweet_count"": 8, ""retweeted"": true, ""retweeted_status"": {""created_at"": ""Wed Nov 03 17:50:07 +0000 2021"", ""favorite_count"": 24, ""favorited"": true, ""hashtags"": [], ""id"": 1455955465490341902, ""id_str"": ""1455955465490341902"", ""lang"": ""en"", ""retweet_count"": 8, ""retweeted"": true, ""source"": ""<a href=\""http://twitter.com/download/android\"" rel=\""nofollow\"">Twitter for Android</a>"", ""text"": ""This talk will show how machine learning, artificial intelligence, and natural language processing can help to trac\u2026 https://t.co/Vm3epEeo6G"", ""truncated"": true, ""urls"": [{""expanded_url"": ""https://twitter.com/i/web/status/1455955465490341902"", ""url"": ""https://t.co/Vm3epEeo6G""}], ""user"": {""created_at"": ""Tue Nov 08 20:41:46 +0000 2016"", ""description"": ""Cuenta oficial del Centro de Ciencias de la Complejidad (C3) de la Universidad Nacional Aut\u00f3noma de M\u00e9xico."", ""favourites_count"": 343, ""followers_count"": 4023, ""friends_count"": 123, ""geo_enabled"": true, ""id"": 796090357066780672, ""id_str"": ""796090357066780672"", ""listed_count"": 41, ""location"": ""M\u00e9xico"", ""name"": ""C3 UNAM"", ""profile_background_color"": ""000000"", ""profile_background_image_url"": ""http://abs.twimg.com/images/themes/theme1/bg.png"", ""profile_background_image_url_https"": ""https://abs.twimg.com/images/themes/theme1/bg.png"", ""profile_banner_url"": ""https://pbs.twimg.com/profile_banners/796090357066780672/1636499947"", ""profile_image_url"": ""http://pbs.twimg.com/profile_images/1383200816232734729/uzPzoScD_normal.jpg"", ""profile_image_url_https"": ""https://pbs.twimg.com/profile_images/1383200816232734729/uzPzoScD_normal.jpg"", ""profile_link_color"": ""E96E09"", ""profile_sidebar_border_color"": ""000000"", ""profile_sidebar_fill_color"": ""000000"", ""profile_text_color"": ""000000"", ""screen_name"": ""C3UNAM"", ""statuses_count"": 4974, ""url"": ""https://t.co/ekm3wYvVOU"", ""withheld_in_countries"": []}, ""user_mentions"": []}, ""source"": ""<a href=\""http://twitter.com/download/android\"" rel=\""nofollow\"">Twitter for Android</a>"", ""text"": ""RT @C3UNAM: This talk will show how machine learning, artificial intelligence, and natural language processing can help to trace people's b\u2026"", ""urls"": [], ""user"": {""created_at"": ""Tue Jan 19 18:16:44 +0000 2010"", ""description"": ""Interdisciplinary Scientist."", ""favourites_count"": 2327, ""followers_count"": 317, ""friends_count"": 103, ""geo_enabled"": true, ""id"": 106483037, ""id_str"": ""106483037"", ""listed_count"": 2, ""location"": ""Bogot\u00e1, D.C., Colombia"", ""name"": ""Juan C. Correa"", ""profile_background_color"": ""000000"", ""profile_background_image_url"": ""http://abs.twimg.com/images/themes/theme1/bg.png"", ""profile_background_image_url_https"": ""https://abs.twimg.com/images/themes/theme1/bg.png"", ""profile_background_tile"": true, ""profile_banner_url"": ""https://pbs.twimg.com/profile_banners/106483037/1560802656"", ""profile_image_url"": ""http://pbs.twimg.com/profile_images/1449048000106401792/k1zKa9G5_normal.jpg"", ""profile_image_url_https"": ""https://pbs.twimg.com/profile_images/1449048000106401792/k1zKa9G5_normal.jpg"", ""profile_link_color"": ""194990"", ""profile_sidebar_border_color"": ""FFFFFF"", ""profile_sidebar_fill_color"": ""EFEFEF"", ""profile_text_color"": ""333809"", ""profile_use_background_image"": true, ""screen_name"": ""jcorrean"", ""statuses_count"": 1925, ""url"": ""https://t.co/hYf59MSnom"", ""withheld_in_countries"": []}, ""user_mentions"": [{""id"": 796090357066780672, ""id_str"": ""796090357066780672"", ""name"": ""C3 UNAM"", ""screen_name"": ""C3UNAM""}]}"
2,"{""created_at"": ""Sat Oct 30 11:46:53 +0000 2021"", ""favorited"": true, ""hashtags"": [], ""id"": 1454414502183817223, ""id_str"": ""1454414502183817223"", ""lang"": ""es"", ""retweet_count"": 5, ""retweeted"": true, ""retweeted_status"": {""created_at"": ""Fri Oct 29 16:59:56 +0000 2021"", ""favorite_count"": 18, ""favorited"": true, ""hashtags"": [], ""id"": 1454130896106397696, ""id_str"": ""1454130896106397696"", ""lang"": ""es"", ""place"": {""attributes"": {}, ""bounding_box"": {""coordinates"": [[[-3.8612619, 41.8611209], [-3.7391994, 41.8611209], [-3.7391994, 41.9329477], [-3.8612619, 41.9329477]]], ""type"": ""Polygon""}, ""contained_within"": [], ""country"": ""Spain"", ""country_code"": ""ES"", ""full_name"": ""Cilleruelo de Abajo, Espa\u00f1a"", ""id"": ""38d9cbda006bd926"", ""name"": ""Cilleruelo de Abajo"", ""place_type"": ""city"", ""url"": ""https://api.twitter.com/1.1/geo/id/38d9cbda006bd926.json""}, ""retweet_count"": 5, ""retweeted"": true, ""source"": ""<a href=\""http://twitter.com/download/android\"" rel=\""nofollow\"">Twitter for Android</a>"", ""text"": ""Ya se que debemos utilizar la cortes\u00eda acad\u00e9mica y ser pol\u00edticamente correctos, pero \u00bfc\u00f3mo actuar con un interlocutor abiertamente tramposo?"", ""urls"": [], ""user"": {""created_at"": ""Thu Mar 29 14:18:35 +0000 2012"", ""description"": ""CybermetricsLab IPP-CSIC. Webometrics Rankings. OpenScience. Scimago. 2DoctorHonorisCausa. Ornithology. #HaroCapitaldelRioja"", ""favourites_count"": 9881, ""followers_count"": 8046, ""following"": true, ""friends_count"": 5662, ""geo_enabled"": true, ""id"": 540098505, ""id_str"": ""540098505"", ""listed_count"": 417, ""location"": ""Madrid, Spain"", ""name"": ""Isidro F. Aguillo"", ""profile_background_color"": ""C0DEED"", ""profile_background_image_url"": ""http://abs.twimg.com/images/themes/theme1/bg.png"", ""profile_background_image_url_https"": ""https://abs.twimg.com/images/themes/theme1/bg.png"", ""profile_banner_url"": ""https://pbs.twimg.com/profile_banners/540098505/1356882863"", ""profile_image_url"": ""http://pbs.twimg.com/profile_images/1205946067541536768/83Uemqqm_normal.jpg"", ""profile_image_url_https"": ""https://pbs.twimg.com/profile_images/1205946067541536768/83Uemqqm_normal.jpg"", ""profile_link_color"": ""333333"", ""profile_sidebar_border_color"": ""FFFFFF"", ""profile_sidebar_fill_color"": ""0DACF6"", ""profile_text_color"": ""0084B4"", ""profile_use_background_image"": true, ""screen_name"": ""isidroaguillo"", ""statuses_count"": 53415, ""url"": ""https://t.co/NWag7T5LCc"", ""withheld_in_countries"": []}, ""user_mentions"": []}, ""source"": ""<a href=\""http://twitter.com/download/android\"" rel=\""nofollow\"">Twitter for Android</a>"", ""text"": ""RT @isidroaguillo: Ya se que debemos utilizar la cortes\u00eda acad\u00e9mica y ser pol\u00edticamente correctos, pero \u00bfc\u00f3mo actuar con un interlocutor ab\u2026"", ""urls"": [], ""user"": {""created_at"": ""Tue Jan 19 18:16:44 +0000 2010"", ""description"": ""Interdisciplinary Scientist."", ""favourites_count"": 2327, ""followers_count"": 317, ""friends_count"": 103, ""geo_enabled"": true, ""id"": 106483037, ""id_str"": ""106483037"", ""listed_count"": 2, ""location"": ""Bogot\u00e1, D.C., Colombia"", ""name"": ""Juan C. Correa"", ""profile_background_color"": ""000000"", ""profile_background_image_url"": ""http://abs.twimg.com/images/themes/theme1/bg.png"", ""profile_background_image_url_https"": ""https://abs.twimg.com/images/themes/theme1/bg.png"", ""profile_background_tile"": true, ""profile_banner_url"": ""https://pbs.twimg.com/profile_banners/106483037/1560802656"", ""profile_image_url"": ""http://pbs.twimg.com/profile_images/1449048000106401792/k1zKa9G5_normal.jpg"", ""profile_image_url_https"": ""https://pbs.twimg.com/profile_images/1449048000106401792/k1zKa9G5_normal.jpg"", ""profile_link_color"": ""194990"", ""profile_sidebar_border_color"": ""FFFFFF"", ""profile_sidebar_fill_color"": ""EFEFEF"", ""profile_text_color"": ""333809"", ""profile_use_background_image"": true, ""screen_name"": ""jcorrean"", ""statuses_count"": 1925, ""url"": ""https://t.co/hYf59MSnom"", ""withheld_in_countries"": []}, ""user_mentions"": [{""id"": 540098505, ""id_str"": ""540098505"", ""name"": ""Isidro F. Aguillo"", ""screen_name"": ""isidroaguillo""}]}"
3,"{""created_at"": ""Wed Oct 27 23:29:02 +0000 2021"", ""hashtags"": [], ""id"": 1453504041636569093, ""id_str"": ""1453504041636569093"", ""in_reply_to_screen_name"": ""cosnet_bifi"", ""in_reply_to_status_id"": 1452933401535733766, ""in_reply_to_user_id"": 426509606, ""lang"": ""en"", ""source"": ""<a href=\""http://twitter.com/download/android\"" rel=\""nofollow\"">Twitter for Android</a>"", ""text"": ""@cosnet_bifi @BIFI_Instituto @unizar @UccUnizar @ARAID_ES @GobAragon Congrats!"", ""urls"": [], ""user"": {""created_at"": ""Tue Jan 19 18:16:44 +0000 2010"", ""description"": ""Interdisciplinary Scientist."", ""favourites_count"": 2327, ""followers_count"": 317, ""friends_count"": 103, ""geo_enabled"": true, ""id"": 106483037, ""id_str"": ""106483037"", ""listed_count"": 2, ""location"": ""Bogot\u00e1, D.C., Colombia"", ""name"": ""Juan C. Correa"", ""profile_background_color"": ""000000"", ""profile_background_image_url"": ""http://abs.twimg.com/images/themes/theme1/bg.png"", ""profile_background_image_url_https"": ""https://abs.twimg.com/images/themes/theme1/bg.png"", ""profile_background_tile"": true, ""profile_banner_url"": ""https://pbs.twimg.com/profile_banners/106483037/1560802656"", ""profile_image_url"": ""http://pbs.twimg.com/profile_images/1449048000106401792/k1zKa9G5_normal.jpg"", ""profile_image_url_https"": ""https://pbs.twimg.com/profile_images/1449048000106401792/k1zKa9G5_normal.jpg"", ""profile_link_color"": ""194990"", ""profile_sidebar_border_color"": ""FFFFFF"", ""profile_sidebar_fill_color"": ""EFEFEF"", ""profile_text_color"": ""333809"", ""profile_use_background_image"": true, ""screen_name"": ""jcorrean"", ""statuses_count"": 1925, ""url"": ""https://t.co/hYf59MSnom"", ""withheld_in_countries"": []}, ""user_mentions"": [{""id"": 426509606, ""id_str"": ""426509606"", ""name"": ""Yamir Moreno"", ""screen_name"": ""cosnet_bifi""}, {""id"": 317777498, ""id_str"": ""317777498"", ""name"": ""BIFI"", ""screen_name"": ""BIFI_Instituto""}, {""id"": 134037648, ""id_str"": ""134037648"", ""name"": ""Universidad Zaragoza"", ""screen_name"": ""unizar""}, {""id"": 2794565619, ""id_str"": ""2794565619"", ""name"": ""UCC unizar"", ""screen_name"": ""UccUnizar""}, {""id"": 912235435463778304, ""id_str"": ""912235435463778304"", ""name"": ""ARAID"", ""screen_name"": ""ARAID_ES""}, {""id"": 105125276, ""id_str"": ""105125276"", ""name"": ""Gobierno de Arag\u00f3n"", ""screen_name"": ""GobAragon""}]}"
4,"{""created_at"": ""Fri Oct 22 18:04:35 +0000 2021"", ""favorite_count"": 1, ""hashtags"": [], ""id"": 1451610449338904581, ""id_str"": ""1451610449338904581"", ""lang"": ""und"", ""media"": [{""display_url"": ""pic.twitter.com/7jHt4A8JKJ"", ""expanded_url"": ""https://twitter.com/jcorrean/status/1451610449338904581/photo/1"", ""id"": 1451610389230280707, ""media_url"": ""http://pbs.twimg.com/media/FCUn9UJWYAMtATa.png"", ""media_url_https"": ""https://pbs.twimg.com/media/FCUn9UJWYAMtATa.png"", ""sizes"": {""large"": {""h"": 265, ""resize"": ""fit"", ""w"": 600}, ""medium"": {""h"": 265, ""resize"": ""fit"", ""w"": 600}, ""small"": {""h"": 265, ""resize"": ""fit"", ""w"": 600}, ""thumb"": {""h"": 150, ""resize"": ""crop"", ""w"": 150}}, ""type"": ""photo"", ""url"": ""https://t.co/7jHt4A8JKJ""}], ""source"": ""<a href=\""https://mobile.twitter.com\"" rel=\""nofollow\"">Twitter Web App</a>"", ""text"": ""https://t.co/7jHt4A8JKJ"", ""urls"": [], ""user"": {""created_at"": ""Tue Jan 19 18:16:44 +0000 2010"", ""description"": ""Interdisciplinary Scientist."", ""favourites_count"": 2327, ""followers_count"": 317, ""friends_count"": 103, ""geo_enabled"": true, ""id"": 106483037, ""id_str"": ""106483037"", ""listed_count"": 2, ""location"": ""Bogot\u00e1, D.C., Colombia"", ""name"": ""Juan C. Correa"", ""profile_background_color"": ""000000"", ""profile_background_image_url"": ""http://abs.twimg.com/images/themes/theme1/bg.png"", ""profile_background_image_url_https"": ""https://abs.twimg.com/images/themes/theme1/bg.png"", ""profile_background_tile"": true, ""profile_banner_url"": ""https://pbs.twimg.com/profile_banners/106483037/1560802656"", ""profile_image_url"": ""http://pbs.twimg.com/profile_images/1449048000106401792/k1zKa9G5_normal.jpg"", ""profile_image_url_https"": ""https://pbs.twimg.com/profile_images/1449048000106401792/k1zKa9G5_normal.jpg"", ""profile_link_color"": ""194990"", ""profile_sidebar_border_color"": ""FFFFFF"", ""profile_sidebar_fill_color"": ""EFEFEF"", ""profile_text_color"": ""333809"", ""profile_use_background_image"": true, ""screen_name"": ""jcorrean"", ""statuses_count"": 1925, ""url"": ""https://t.co/hYf59MSnom"", ""withheld_in_countries"": []}, ""user_mentions"": []}"
5,"{""created_at"": ""Tue Oct 19 16:51:58 +0000 2021"", ""hashtags"": [], ""id"": 1450505011960729608, ""id_str"": ""1450505011960729608"", ""lang"": ""en"", ""quoted_status"": {""created_at"": ""Thu Jul 15 06:30:42 +0000 2021"", ""favorite_count"": 334, ""hashtags"": [], ""id"": 1415559427743174661, ""id_str"": ""1415559427743174661"", ""lang"": ""en"", ""retweet_count"": 148, ""source"": ""<a href=\""https://mobile.twitter.com\"" rel=\""nofollow\"">Twitter Web App</a>"", ""text"": ""Just out @arxiv: \u201cTortured phrases: A dubious writing style emerging in science. Evidence of critical issues affect\u2026 https://t.co/fUaPsvmPY9"", ""truncated"": true, ""urls"": [{""expanded_url"": ""https://twitter.com/i/web/status/1415559427743174661"", ""url"": ""https://t.co/fUaPsvmPY9""}], ""user"": {""created_at"": ""Thu Jan 13 14:29:21 +0000 2011"", ""description"": ""Associate Professor of Computer Science. Information Retrieval \u2022 Scientometrics \u2022 Meta-Research \u2014 Latest work: https://t.co/JWvv8bh612 and @_Nano_Bubbles"", ""favourites_count"": 32593, ""followers_count"": 2146, ""following"": true, ""friends_count"": 963, ""id"": 237738266, ""id_str"": ""237738266"", ""listed_count"": 166, ""location"": ""University of Toulouse, France"", ""name"": ""Guillaume Cabanac"", ""profile_background_color"": ""C0DEED"", ""profile_background_image_url"": ""http://abs.twimg.com/images/themes/theme1/bg.png"", ""profile_background_image_url_https"": ""https://abs.twimg.com/images/themes/theme1/bg.png"", ""profile_banner_url"": ""https://pbs.twimg.com/profile_banners/237738266/1410162532"", ""profile_image_url"": ""http://pbs.twimg.com/profile_images/794644597855109120/CyK0G40Z_normal.jpg"", ""profile_image_url_https"": ""https://pbs.twimg.com/profile_images/794644597855109120/CyK0G40Z_normal.jpg"", ""profile_link_color"": ""0084B4"", ""profile_sidebar_border_color"": ""C0DEED"", ""profile_sidebar_fill_color"": ""DDEEF6"", ""profile_text_color"": ""333333"", ""profile_use_background_image"": true, ""screen_name"": ""gcabanac"", ""statuses_count"": 16208, ""url"": ""https://t.co/W0mT50CcA6"", ""withheld_in_countries"": []}, ""user_mentions"": [{""id"": 808633423300624384, ""id_str"": ""808633423300624384"", ""name"": ""arXiv.org"", ""screen_name"": ""arxiv""}]}, ""quoted_status_id"": 1415559427743174661, ""quoted_status_id_str"": ""1415559427743174661"", ""source"": ""<a href=\""https://mobile.twitter.com\"" rel=\""nofollow\"">Twitter Web App</a>"", ""text"": ""Wow. This interesting article by @gcabanac  and colleagues presents a brand new perspective of scientific writing a\u2026 https://t.co/Y26MRzZDPm"", ""truncated"": true, ""urls"": [{""expanded_url"": ""https://twitter.com/i/web/status/1450505011960729608"", ""url"": ""https://t.co/Y26MRzZDPm""}], ""user"": {""created_at"": ""Tue Jan 19 18:16:44 +0000 2010"", ""description"": ""Interdisciplinary Scientist."", ""favourites_count"": 2327, ""followers_count"": 317, ""friends_count"": 103, ""geo_enabled"": true, ""id"": 106483037, ""id_str"": ""106483037"", ""listed_count"": 2, ""location"": ""Bogot\u00e1, D.C., Colombia"", ""name"": ""Juan C. Correa"", ""profile_background_color"": ""000000"", ""profile_background_image_url"": ""http://abs.twimg.com/images/themes/theme1/bg.png"", ""profile_background_image_url_https"": ""https://abs.twimg.com/images/themes/theme1/bg.png"", ""profile_background_tile"": true, ""profile_banner_url"": ""https://pbs.twimg.com/profile_banners/106483037/1560802656"", ""profile_image_url"": ""http://pbs.twimg.com/profile_images/1449048000106401792/k1zKa9G5_normal.jpg"", ""profile_image_url_https"": ""https://pbs.twimg.com/profile_images/1449048000106401792/k1zKa9G5_normal.jpg"", ""profile_link_color"": ""194990"", ""profile_sidebar_border_color"": ""FFFFFF"", ""profile_sidebar_fill_color"": ""EFEFEF"", ""profile_text_color"": ""333809"", ""profile_use_background_image"": true, ""screen_name"": ""jcorrean"", ""statuses_count"": 1925, ""url"": ""https://t.co/hYf59MSnom"", ""withheld_in_countries"": []}, ""user_mentions"": [{""id"": 237738266, ""id_str"": ""237738266"", ""name"": ""Guillaume Cabanac"", ""screen_name"": ""gcabanac""}]}"
6,"{""created_at"": ""Tue Oct 12 10:51:26 +0000 2021"", ""favorited"": true, ""hashtags"": [], ""id"": 1447877563834146822, ""id_str"": ""1447877563834146822"", ""lang"": ""en"", ""retweet_count"": 2, ""retweeted"": true, ""retweeted_status"": {""created_at"": ""Tue Oct 12 10:00:01 +0000 2021"", ""favorite_count"": 3, ""favorited"": true, ""hashtags"": [], ""id"": 1447864624473272327, ""id_str"": ""1447864624473272327"", ""lang"": ""en"", ""retweet_count"": 2, ""retweeted"": true, ""source"": ""<a href=\""https://mobile.twitter.com\"" rel=\""nofollow\"">Twitter Web App</a>"", ""text"": ""An interesting read \ud83d\udcd6  from Interdisciplinary Scientist @jcorrean \nDoes limited access to publications really hinde\u2026 https://t.co/UNZvgcgTBG"", ""truncated"": true, ""urls"": [{""expanded_url"": ""https://twitter.com/i/web/status/1447864624473272327"", ""url"": ""https://t.co/UNZvgcgTBG""}], ""user"": {""created_at"": ""Sat Aug 28 13:15:37 +0000 2010"", ""description"": ""Team of friendly experts in communication & data science\ud83d\udc69\u200d\ud83d\udd2c\nPop' science blog &\u00a0Scientific Network dedicated to academic, businesses, and science enthusiasts!"", ""favourites_count"": 10368, ""followers_count"": 7132, ""friends_count"": 1702, ""geo_enabled"": true, ""id"": 184010593, ""id_str"": ""184010593"", ""listed_count"": 516, ""location"": ""Paris, France"", ""name"": ""MyScienceWork"", ""profile_background_color"": ""352726"", ""profile_background_image_url"": ""http://abs.twimg.com/images/themes/theme5/bg.gif"", ""profile_background_image_url_https"": ""https://abs.twimg.com/images/themes/theme5/bg.gif"", ""profile_banner_url"": ""https://pbs.twimg.com/profile_banners/184010593/1574089008"", ""profile_image_url"": ""http://pbs.twimg.com/profile_images/996682951109873664/NV6-KgnK_normal.jpg"", ""profile_image_url_https"": ""https://pbs.twimg.com/profile_images/996682951109873664/NV6-KgnK_normal.jpg"", ""profile_link_color"": ""083665"", ""profile_sidebar_border_color"": ""FFFFFF"", ""profile_sidebar_fill_color"": ""99CC33"", ""profile_text_color"": ""3E4415"", ""profile_use_background_image"": true, ""screen_name"": ""MyScienceWork"", ""statuses_count"": 49473, ""url"": ""http://t.co/KcQj75T96i"", ""withheld_in_countries"": []}, ""user_mentions"": [{""id"": 106483037, ""id_str"": ""106483037"", ""name"": ""Juan C. Correa"", ""screen_name"": ""jcorrean""}]}, ""source"": ""<a href=\""http://twitter.com/download/android\"" rel=\""nofollow\"">Twitter for Android</a>"", ""text"": ""RT @MyScienceWork: An interesting read \ud83d\udcd6  from Interdisciplinary Scientist @jcorrean \nDoes limited access to publications really hinder sci\u2026"", ""urls"": [], ""user"": {""created_at"": ""Tue Jan 19 18:16:44 +0000 2010"", ""description"": ""Interdisciplinary Scientist."", ""favourites_count"": 2327, ""followers_count"": 317, ""friends_count"": 103, ""geo_enabled"": true, ""id"": 106483037, ""id_str"": ""106483037"", ""listed_count"": 2, ""location"": ""Bogot\u00e1, D.C., Colombia"", ""name"": ""Juan C. Correa"", ""profile_background_color"": ""000000"", ""profile_background_image_url"": ""http://abs.twimg.com/images/themes/theme1/bg.png"", ""profile_background_image_url_https"": ""https://abs.twimg.com/images/themes/theme1/bg.png"", ""profile_background_tile"": true, ""profile_banner_url"": ""https://pbs.twimg.com/profile_banners/106483037/1560802656"", ""profile_image_url"": ""http://pbs.twimg.com/profile_images/1449048000106401792/k1zKa9G5_normal.jpg"", ""profile_image_url_https"": ""https://pbs.twimg.com/profile_images/1449048000106401792/k1zKa9G5_normal.jpg"", ""profile_link_color"": ""194990"", ""profile_sidebar_border_color"": ""FFFFFF"", ""profile_sidebar_fill_color"": ""EFEFEF"", ""profile_text_color"": ""333809"", ""profile_use_background_image"": true, ""screen_name"": ""jcorrean"", ""statuses_count"": 1925, ""url"": ""https://t.co/hYf59MSnom"", ""withheld_in_countries"": []}, ""user_mentions"": [{""id"": 184010593, ""id_str"": ""184010593"", ""name"": ""MyScienceWork"", ""screen_name"": ""MyScienceWork""}, {""id"": 106483037, ""id_str"": ""106483037"", ""name"": ""Juan C. Correa"", ""screen_name"": ""jcorrean""}]}"
7,"{""created_at"": ""Wed Oct 06 19:30:02 +0000 2021"", ""hashtags"": [], ""id"": 1445833747715084303, ""id_str"": ""1445833747715084303"", ""lang"": ""en"", ""retweet_count"": 165, ""retweeted"": true, ""retweeted_status"": {""created_at"": ""Wed Oct 06 16:39:37 +0000 2021"", ""favorite_count"": 575, ""hashtags"": [], ""id"": 1445790860893769729, ""id_str"": ""1445790860893769729"", ""lang"": ""en"", ""retweet_count"": 165, ""retweeted"": true, ""source"": ""<a href=\""https://mobile.twitter.com\"" rel=\""nofollow\"">Twitter Web App</a>"", ""text"": ""The amazing Johan Chu and I published a piece out this week at PNAS (https://t.co/McjwkXBxvG) showing how the growi\u2026 https://t.co/dCFZHf7rag"", ""truncated"": true, ""urls"": [{""expanded_url"": ""https://doi.org/10.1073/pnas.2021636118"", ""url"": ""https://t.co/McjwkXBxvG""}, {""expanded_url"": ""https://twitter.com/i/web/status/1445790860893769729"", ""url"": ""https://t.co/dCFZHf7rag""}], ""user"": {""created_at"": ""Fri Feb 15 11:53:00 +0000 2019"", ""default_profile"": true, ""description"": ""Sociologist and Computational Scientist @UChicago tweeting about science, technology and augmented imagination."", ""favourites_count"": 229, ""followers_count"": 1008, ""friends_count"": 87, ""id"": 1096376827164180482, ""id_str"": ""1096376827164180482"", ""listed_count"": 21, ""name"": ""James Evans"", ""profile_background_color"": ""F5F8FA"", ""profile_image_url"": ""http://pbs.twimg.com/profile_images/1096377035218391040/9z9uQYAO_normal.jpg"", ""profile_image_url_https"": ""https://pbs.twimg.com/profile_images/1096377035218391040/9z9uQYAO_normal.jpg"", ""profile_link_color"": ""1DA1F2"", ""profile_sidebar_border_color"": ""C0DEED"", ""profile_sidebar_fill_color"": ""DDEEF6"", ""profile_text_color"": ""333333"", ""profile_use_background_image"": true, ""screen_name"": ""profjamesevans"", ""statuses_count"": 113, ""url"": ""https://t.co/LLQucgHyaT"", ""withheld_in_countries"": []}, ""user_mentions"": []}, ""source"": ""<a href=\""http://twitter.com/download/android\"" rel=\""nofollow\"">Twitter for Android</a>"", ""text"": ""RT @profjamesevans: The amazing Johan Chu and I published a piece out this week at PNAS (https://t.co/McjwkXBxvG) showing how the growing s\u2026"", ""urls"": [{""expanded_url"": ""https://doi.org/10.1073/pnas.2021636118"", ""url"": ""https://t.co/McjwkXBxvG""}], ""user"": {""created_at"": ""Tue Jan 19 18:16:44 +0000 2010"", ""description"": ""Interdisciplinary Scientist."", ""favourites_count"": 2327, ""followers_count"": 317, ""friends_count"": 103, ""geo_enabled"": true, ""id"": 106483037, ""id_str"": ""106483037"", ""listed_count"": 2, ""location"": ""Bogot\u00e1, D.C., Colombia"", ""name"": ""Juan C. Correa"", ""profile_background_color"": ""000000"", ""profile_background_image_url"": ""http://abs.twimg.com/images/themes/theme1/bg.png"", ""profile_background_image_url_https"": ""https://abs.twimg.com/images/themes/theme1/bg.png"", ""profile_background_tile"": true, ""profile_banner_url"": ""https://pbs.twimg.com/profile_banners/106483037/1560802656"", ""profile_image_url"": ""http://pbs.twimg.com/profile_images/1449048000106401792/k1zKa9G5_normal.jpg"", ""profile_image_url_https"": ""https://pbs.twimg.com/profile_images/1449048000106401792/k1zKa9G5_normal.jpg"", ""profile_link_color"": ""194990"", ""profile_sidebar_border_color"": ""FFFFFF"", ""profile_sidebar_fill_color"": ""EFEFEF"", ""profile_text_color"": ""333809"", ""profile_use_background_image"": true, ""screen_name"": ""jcorrean"", ""statuses_count"": 1925, ""url"": ""https://t.co/hYf59MSnom"", ""withheld_in_countries"": []}, ""user_mentions"": [{""id"": 1096376827164180482, ""id_str"": ""1096376827164180482"", ""name"": ""James Evans"", ""screen_name"": ""profjamesevans""}]}"
8,"{""created_at"": ""Mon Oct 04 22:08:35 +0000 2021"", ""favorited"": true, ""hashtags"": [{""text"": ""OpenScience""}], ""id"": 1445148872838418439, ""id_str"": ""1445148872838418439"", ""lang"": ""en"", ""retweet_count"": 10, ""retweeted"": true, ""retweeted_status"": {""created_at"": ""Mon Oct 04 02:03:01 +0000 2021"", ""favorite_count"": 21, ""favorited"": true, ""hashtags"": [], ""id"": 1444845480547082242, ""id_str"": ""1444845480547082242"", ""lang"": ""en"", ""retweet_count"": 10, ""retweeted"": true, ""source"": ""<a href=\""https://sproutsocial.com\"" rel=\""nofollow\"">Sprout Social</a>"", ""text"": ""How Open is your research?\n\nTake our short quiz to find out your score and get tips on how you can develop your\u2026 https://t.co/ydX5EdzpUT"", ""truncated"": true, ""urls"": [{""expanded_url"": ""https://twitter.com/i/web/status/1444845480547082242"", ""url"": ""https://t.co/ydX5EdzpUT""}], ""user"": {""created_at"": ""Tue Jan 29 07:27:17 +0000 2008"", ""description"": ""Breaking boundaries.\nEmpowering researchers.\nOpening Science."", ""favourites_count"": 3160, ""followers_count"": 157834, ""friends_count"": 12971, ""geo_enabled"": true, ""id"": 12819112, ""id_str"": ""12819112"", ""listed_count"": 4147, ""location"": ""USA and UK"", ""name"": ""PLOS"", ""profile_background_color"": ""0A010A"", ""profile_background_image_url"": ""http://abs.twimg.com/images/themes/theme1/bg.png"", ""profile_background_image_url_https"": ""https://abs.twimg.com/images/themes/theme1/bg.png"", ""profile_banner_url"": ""https://pbs.twimg.com/profile_banners/12819112/1615914638"", ""profile_image_url"": ""http://pbs.twimg.com/profile_images/1236032464860180480/be-IQdzW_normal.png"", ""profile_image_url_https"": ""https://pbs.twimg.com/profile_images/1236032464860180480/be-IQdzW_normal.png"", ""profile_link_color"": ""3B94D9"", ""profile_sidebar_border_color"": ""000000"", ""profile_sidebar_fill_color"": ""DDEEF6"", ""profile_text_color"": ""333333"", ""profile_use_background_image"": true, ""screen_name"": ""PLOS"", ""statuses_count"": 23909, ""url"": ""http://t.co/kGXJfd0zdo"", ""verified"": true, ""withheld_in_countries"": []}, ""user_mentions"": []}, ""source"": ""<a href=\""http://twitter.com/download/android\"" rel=\""nofollow\"">Twitter for Android</a>"", ""text"": ""RT @PLOS: How Open is your research?\n\nTake our short quiz to find out your score and get tips on how you can develop your #OpenScience skil\u2026"", ""urls"": [], ""user"": {""created_at"": ""Tue Jan 19 18:16:44 +0000 2010"", ""description"": ""Interdisciplinary Scientist."", ""favourites_count"": 2327, ""followers_count"": 317, ""friends_count"": 103, ""geo_enabled"": true, ""id"": 106483037, ""id_str"": ""106483037"", ""listed_count"": 2, ""location"": ""Bogot\u00e1, D.C., Colombia"", ""name"": ""Juan C. Correa"", ""profile_background_color"": ""000000"", ""profile_background_image_url"": ""http://abs.twimg.com/images/themes/theme1/bg.png"", ""profile_background_image_url_https"": ""https://abs.twimg.com/images/themes/theme1/bg.png"", ""profile_background_tile"": true, ""profile_banner_url"": ""https://pbs.twimg.com/profile_banners/106483037/1560802656"", ""profile_image_url"": ""http://pbs.twimg.com/profile_images/1449048000106401792/k1zKa9G5_normal.jpg"", ""profile_image_url_https"": ""https://pbs.twimg.com/profile_images/1449048000106401792/k1zKa9G5_normal.jpg"", ""profile_link_color"": ""194990"", ""profile_sidebar_border_color"": ""FFFFFF"", ""profile_sidebar_fill_color"": ""EFEFEF"", ""profile_text_color"": ""333809"", ""profile_use_background_image"": true, ""screen_name"": ""jcorrean"", ""statuses_count"": 1925, ""url"": ""https://t.co/hYf59MSnom"", ""withheld_in_countries"": []}, ""user_mentions"": [{""id"": 12819112, ""id_str"": ""12819112"", ""name"": ""PLOS"", ""screen_name"": ""PLOS""}]}"
9,"{""created_at"": ""Sat Oct 02 17:59:19 +0000 2021"", ""favorite_count"": 1, ""hashtags"": [], ""id"": 1444361366991777798, ""id_str"": ""1444361366991777798"", ""lang"": ""es"", ""quoted_status"": {""created_at"": ""Fri Oct 01 15:43:07 +0000 2021"", ""favorite_count"": 69, ""hashtags"": [], ""id"": 1443964703601004545, ""id_str"": ""1443964703601004545"", ""lang"": ""es"", ""retweet_count"": 31, ""source"": ""<a href=\""http://twitter.com/download/android\"" rel=\""nofollow\"">Twitter for Android</a>"", ""text"": ""Consecuencias de seguir usando el factor de impacto. @Anecainfo \n1) Promociona revistas con altos precios\n2) Promoc\u2026 https://t.co/hCG4VPw5nX"", ""truncated"": true, ""urls"": [{""expanded_url"": ""https://twitter.com/i/web/status/1443964703601004545"", ""url"": ""https://t.co/hCG4VPw5nX""}], ""user"": {""created_at"": ""Thu Mar 29 14:18:35 +0000 2012"", ""description"": ""CybermetricsLab IPP-CSIC. Webometrics Rankings. OpenScience. Scimago. 2DoctorHonorisCausa. Ornithology. #HaroCapitaldelRioja"", ""favourites_count"": 9881, ""followers_count"": 8046, ""following"": true, ""friends_count"": 5662, ""geo_enabled"": true, ""id"": 540098505, ""id_str"": ""540098505"", ""listed_count"": 417, ""location"": ""Madrid, Spain"", ""name"": ""Isidro F. Aguillo"", ""profile_background_color"": ""C0DEED"", ""profile_background_image_url"": ""http://abs.twimg.com/images/themes/theme1/bg.png"", ""profile_background_image_url_https"": ""https://abs.twimg.com/images/themes/theme1/bg.png"", ""profile_banner_url"": ""https://pbs.twimg.com/profile_banners/540098505/1356882863"", ""profile_image_url"": ""http://pbs.twimg.com/profile_images/1205946067541536768/83Uemqqm_normal.jpg"", ""profile_image_url_https"": ""https://pbs.twimg.com/profile_images/1205946067541536768/83Uemqqm_normal.jpg"", ""profile_link_color"": ""333333"", ""profile_sidebar_border_color"": ""FFFFFF"", ""profile_sidebar_fill_color"": ""0DACF6"", ""profile_text_color"": ""0084B4"", ""profile_use_background_image"": true, ""screen_name"": ""isidroaguillo"", ""statuses_count"": 53415, ""url"": ""https://t.co/NWag7T5LCc"", ""withheld_in_countries"": []}, ""user_mentions"": [{""id"": 1427460212, ""id_str"": ""1427460212"", ""name"": ""ANECA"", ""screen_name"": ""ANECAinfo""}]}, ""quoted_status_id"": 1443964703601004545, ""quoted_status_id_str"": ""1443964703601004545"", ""source"": ""<a href=\""http://twitter.com/download/android\"" rel=\""nofollow\"">Twitter for Android</a>"", ""text"": ""Interesante lectura https://t.co/ySpOgpinm8"", ""urls"": [{""expanded_url"": ""https://twitter.com/isidroaguillo/status/1443964703601004545"", ""url"": ""https://t.co/ySpOgpinm8""}], ""user"": {""created_at"": ""Tue Jan 19 18:16:44 +0000 2010"", ""description"": ""Interdisciplinary Scientist."", ""favourites_count"": 2327, ""followers_count"": 317, ""friends_count"": 103, ""geo_enabled"": true, ""id"": 106483037, ""id_str"": ""106483037"", ""listed_count"": 2, ""location"": ""Bogot\u00e1, D.C., Colombia"", ""name"": ""Juan C. Correa"", ""profile_background_color"": ""000000"", ""profile_background_image_url"": ""http://abs.twimg.com/images/themes/theme1/bg.png"", ""profile_background_image_url_https"": ""https://abs.twimg.com/images/themes/theme1/bg.png"", ""profile_background_tile"": true, ""profile_banner_url"": ""https://pbs.twimg.com/profile_banners/106483037/1560802656"", ""profile_image_url"": ""http://pbs.twimg.com/profile_images/1449048000106401792/k1zKa9G5_normal.jpg"", ""profile_image_url_https"": ""https://pbs.twimg.com/profile_images/1449048000106401792/k1zKa9G5_normal.jpg"", ""profile_link_color"": ""194990"", ""profile_sidebar_border_color"": ""FFFFFF"", ""profile_sidebar_fill_color"": ""EFEFEF"", ""profile_text_color"": ""333809"", ""profile_use_background_image"": true, ""screen_name"": ""jcorrean"", ""statuses_count"": 1925, ""url"": ""https://t.co/hYf59MSnom"", ""withheld_in_countries"": []}, ""user_mentions"": []}"
10,"{""created_at"": ""Thu Sep 16 21:58:09 +0000 2021"", ""favorite_count"": 1, ""hashtags"": [], ""id"": 1438623265866633222, ""id_str"": ""1438623265866633222"", ""lang"": ""und"", ""retweet_count"": 1, ""source"": ""<a href=\""http://twitter.com/download/android\"" rel=\""nofollow\"">Twitter for Android</a>"", ""text"": ""https://t.co/Y9IHQIt6hB"", ""urls"": [{""expanded_url"": ""https://inteligenciaartificial.gov.co/caracteristicas/"", ""url"": ""https://t.co/Y9IHQIt6hB""}], ""user"": {""created_at"": ""Tue Jan 19 18:16:44 +0000 2010"", ""description"": ""Interdisciplinary Scientist."", ""favourites_count"": 2327, ""followers_count"": 317, ""friends_count"": 103, ""geo_enabled"": true, ""id"": 106483037, ""id_str"": ""106483037"", ""listed_count"": 2, ""location"": ""Bogot\u00e1, D.C., Colombia"", ""name"": ""Juan C. Correa"", ""profile_background_color"": ""000000"", ""profile_background_image_url"": ""http://abs.twimg.com/images/themes/theme1/bg.png"", ""profile_background_image_url_https"": ""https://abs.twimg.com/images/themes/theme1/bg.png"", ""profile_background_tile"": true, ""profile_banner_url"": ""https://pbs.twimg.com/profile_banners/106483037/1560802656"", ""profile_image_url"": ""http://pbs.twimg.com/profile_images/1449048000106401792/k1zKa9G5_normal.jpg"", ""profile_image_url_https"": ""https://pbs.twimg.com/profile_images/1449048000106401792/k1zKa9G5_normal.jpg"", ""profile_link_color"": ""194990"", ""profile_sidebar_border_color"": ""FFFFFF"", ""profile_sidebar_fill_color"": ""EFEFEF"", ""profile_text_color"": ""333809"", ""profile_use_background_image"": true, ""screen_name"": ""jcorrean"", ""statuses_count"": 1925, ""url"": ""https://t.co/hYf59MSnom"", ""withheld_in_countries"": []}, ""user_mentions"": []}"
11,"{""created_at"": ""Tue Sep 14 15:12:29 +0000 2021"", ""favorite_count"": 2, ""favorited"": true, ""hashtags"": [], ""id"": 1437796400163655685, ""id_str"": ""1437796400163655685"", ""lang"": ""en"", ""retweet_count"": 1, ""source"": ""<a href=\""https://mobile.twitter.com\"" rel=\""nofollow\"">Twitter Web App</a>"", ""text"": ""In our last paper, we revealed that the trust-sales relationship is not consistent at all in several Latin American\u2026 https://t.co/OAyF345ah5"", ""truncated"": true, ""urls"": [{""expanded_url"": ""https://twitter.com/i/web/status/1437796400163655685"", ""url"": ""https://t.co/OAyF345ah5""}], ""user"": {""created_at"": ""Tue Jan 19 18:16:44 +0000 2010"", ""description"": ""Interdisciplinary Scientist."", ""favourites_count"": 2327, ""followers_count"": 317, ""friends_count"": 103, ""geo_enabled"": true, ""id"": 106483037, ""id_str"": ""106483037"", ""listed_count"": 2, ""location"": ""Bogot\u00e1, D.C., Colombia"", ""name"": ""Juan C. Correa"", ""profile_background_color"": ""000000"", ""profile_background_image_url"": ""http://abs.twimg.com/images/themes/theme1/bg.png"", ""profile_background_image_url_https"": ""https://abs.twimg.com/images/themes/theme1/bg.png"", ""profile_background_tile"": true, ""profile_banner_url"": ""https://pbs.twimg.com/profile_banners/106483037/1560802656"", ""profile_image_url"": ""http://pbs.twimg.com/profile_images/1449048000106401792/k1zKa9G5_normal.jpg"", ""profile_image_url_https"": ""https://pbs.twimg.com/profile_images/1449048000106401792/k1zKa9G5_normal.jpg"", ""profile_link_color"": ""194990"", ""profile_sidebar_border_color"": ""FFFFFF"", ""profile_sidebar_fill_color"": ""EFEFEF"", ""profile_text_color"": ""333809"", ""profile_use_background_image"": true, ""screen_name"": ""jcorrean"", ""statuses_count"": 1925, ""url"": ""https://t.co/hYf59MSnom"", ""withheld_in_countries"": []}, ""user_mentions"": []}"
12,"{""created_at"": ""Sat Sep 11 07:46:07 +0000 2021"", ""favorite_count"": 1, ""favorited"": true, ""hashtags"": [], ""id"": 1436596905283399685, ""id_str"": ""1436596905283399685"", ""lang"": ""en"", ""source"": ""<a href=\""https://mobile.twitter.com\"" rel=\""nofollow\"">Twitter Web App</a>"", ""text"": ""The Consistency of Trust-Sales Relationship in Latin American E-Commerce https://t.co/0lhBHYrnok"", ""urls"": [{""expanded_url"": ""https://www.tandfonline.com/doi/full/10.1080/15332861.2021.1975426"", ""url"": ""https://t.co/0lhBHYrnok""}], ""user"": {""created_at"": ""Tue Jan 19 18:16:44 +0000 2010"", ""description"": ""Interdisciplinary Scientist."", ""favourites_count"": 2327, ""followers_count"": 317, ""friends_count"": 103, ""geo_enabled"": true, ""id"": 106483037, ""id_str"": ""106483037"", ""listed_count"": 2, ""location"": ""Bogot\u00e1, D.C., Colombia"", ""name"": ""Juan C. Correa"", ""profile_background_color"": ""000000"", ""profile_background_image_url"": ""http://abs.twimg.com/images/themes/theme1/bg.png"", ""profile_background_image_url_https"": ""https://abs.twimg.com/images/themes/theme1/bg.png"", ""profile_background_tile"": true, ""profile_banner_url"": ""https://pbs.twimg.com/profile_banners/106483037/1560802656"", ""profile_image_url"": ""http://pbs.twimg.com/profile_images/1449048000106401792/k1zKa9G5_normal.jpg"", ""profile_image_url_https"": ""https://pbs.twimg.com/profile_images/1449048000106401792/k1zKa9G5_normal.jpg"", ""profile_link_color"": ""194990"", ""profile_sidebar_border_color"": ""FFFFFF"", ""profile_sidebar_fill_color"": ""EFEFEF"", ""profile_text_color"": ""333809"", ""profile_use_background_image"": true, ""screen_name"": ""jcorrean"", ""statuses_count"": 1925, ""url"": ""https://t.co/hYf59MSnom"", ""withheld_in_countries"": []}, ""user_mentions"": []}"
13,"{""created_at"": ""Sat Sep 11 07:35:44 +0000 2021"", ""favorite_count"": 2, ""favorited"": true, ""hashtags"": [], ""id"": 1436594292236161030, ""id_str"": ""1436594292236161030"", ""lang"": ""en"", ""retweet_count"": 2, ""source"": ""<a href=\""https://mobile.twitter.com\"" rel=\""nofollow\"">Twitter Web App</a>"", ""text"": ""Our last paper presents new evidence on the relationship between Economic Complexity, Economic Growth, and CO2 Emis\u2026 https://t.co/n4M8LCAyQL"", ""truncated"": true, ""urls"": [{""expanded_url"": ""https://twitter.com/i/web/status/1436594292236161030"", ""url"": ""https://t.co/n4M8LCAyQL""}], ""user"": {""created_at"": ""Tue Jan 19 18:16:44 +0000 2010"", ""description"": ""Interdisciplinary Scientist."", ""favourites_count"": 2327, ""followers_count"": 317, ""friends_count"": 103, ""geo_enabled"": true, ""id"": 106483037, ""id_str"": ""106483037"", ""listed_count"": 2, ""location"": ""Bogot\u00e1, D.C., Colombia"", ""name"": ""Juan C. Correa"", ""profile_background_color"": ""000000"", ""profile_background_image_url"": ""http://abs.twimg.com/images/themes/theme1/bg.png"", ""profile_background_image_url_https"": ""https://abs.twimg.com/images/themes/theme1/bg.png"", ""profile_background_tile"": true, ""profile_banner_url"": ""https://pbs.twimg.com/profile_banners/106483037/1560802656"", ""profile_image_url"": ""http://pbs.twimg.com/profile_images/1449048000106401792/k1zKa9G5_normal.jpg"", ""profile_image_url_https"": ""https://pbs.twimg.com/profile_images/1449048000106401792/k1zKa9G5_normal.jpg"", ""profile_link_color"": ""194990"", ""profile_sidebar_border_color"": ""FFFFFF"", ""profile_sidebar_fill_color"": ""EFEFEF"", ""profile_text_color"": ""333809"", ""profile_use_background_image"": true, ""screen_name"": ""jcorrean"", ""statuses_count"": 1925, ""url"": ""https://t.co/hYf59MSnom"", ""withheld_in_countries"": []}, ""user_mentions"": []}"
14,"{""created_at"": ""Tue Aug 24 04:43:08 +0000 2021"", ""favorited"": true, ""hashtags"": [{""text"": ""rstats""}], ""id"": 1430027875349110785, ""id_str"": ""1430027875349110785"", ""lang"": ""en"", ""quoted_status_id"": 1429920532187648015, ""quoted_status_id_str"": ""1429920532187648015"", ""retweet_count"": 243, ""retweeted"": true, ""retweeted_status"": {""created_at"": ""Mon Aug 23 22:36:02 +0000 2021"", ""favorite_count"": 1299, ""favorited"": true, ""hashtags"": [{""text"": ""rstats""}], ""id"": 1429935490283839490, ""id_str"": ""1429935490283839490"", ""lang"": ""en"", ""quoted_status"": {""created_at"": ""Mon Aug 23 21:36:36 +0000 2021"", ""favorite_count"": 1147, ""hashtags"": [], ""id"": 1429920532187648015, ""id_str"": ""1429920532187648015"", ""lang"": ""en"", ""retweet_count"": 332, ""source"": ""<a href=\""https://mobile.twitter.com\"" rel=\""nofollow\"">Twitter Web App</a>"", ""text"": ""RStudio Cheatsheet Updates\n\u2b22 @avperny writes about the many RStudio cheatsheets that have been updated or reworked\u2026 https://t.co/hBYZAz5n45"", ""truncated"": true, ""urls"": [{""expanded_url"": ""https://twitter.com/i/web/status/1429920532187648015"", ""url"": ""https://t.co/hBYZAz5n45""}], ""user"": {""created_at"": ""Fri Jan 07 19:13:28 +0000 2011"", ""description"": ""Open source and enterprise-ready professional software for data science teams using R and Python."", ""favourites_count"": 2711, ""followers_count"": 123449, ""friends_count"": 630, ""id"": 235261861, ""id_str"": ""235261861"", ""listed_count"": 2125, ""location"": ""Boston"", ""name"": ""RStudio"", ""profile_background_color"": ""C3C3C3"", ""profile_background_image_url"": ""http://abs.twimg.com/images/themes/theme15/bg.png"", ""profile_background_image_url_https"": ""https://abs.twimg.com/images/themes/theme15/bg.png"", ""profile_banner_url"": ""https://pbs.twimg.com/profile_banners/235261861/1592573564"", ""profile_image_url"": ""http://pbs.twimg.com/profile_images/1273974016265486349/qghv719Z_normal.jpg"", ""profile_image_url_https"": ""https://pbs.twimg.com/profile_images/1273974016265486349/qghv719Z_normal.jpg"", ""profile_link_color"": ""4D8DC9"", ""profile_sidebar_border_color"": ""FFFFFF"", ""profile_sidebar_fill_color"": ""C0DFEC"", ""profile_text_color"": ""333333"", ""screen_name"": ""rstudio"", ""statuses_count"": 2796, ""url"": ""http://t.co/sNW3mienR9"", ""withheld_in_countries"": []}, ""user_mentions"": [{""id"": 1424825981446021128, ""id_str"": ""1424825981446021128"", ""name"": ""Averi"", ""screen_name"": ""avperny""}]}, ""quoted_status_id"": 1429920532187648015, ""quoted_status_id_str"": ""1429920532187648015"", ""retweet_count"": 243, ""retweeted"": true, ""source"": ""<a href=\""https://mobile.twitter.com\"" rel=\""nofollow\"">Twitter Web App</a>"", ""text"": ""Major updates to all tidyverse cheat thanks to our intern @avperny. Download them now! #rstats https://t.co/9Nl4tX9F3d"", ""urls"": [{""expanded_url"": ""https://twitter.com/rstudio/status/1429920532187648015"", ""url"": ""https://t.co/9Nl4tX9F3d""}], ""user"": {""created_at"": ""Wed Aug 26 23:34:46 +0000 2009"", ""description"": ""R, data, visualisation, \ud83d\udc15, \ud83c\udf78, \ud83c\udf08. He/him"", ""favourites_count"": 25276, ""followers_count"": 126451, ""following"": true, ""friends_count"": 279, ""geo_enabled"": true, ""id"": 69133574, ""id_str"": ""69133574"", ""listed_count"": 3083, ""location"": ""Houston, TX"", ""name"": ""Hadley Wickham"", ""profile_background_color"": ""022330"", ""profile_background_image_url"": ""http://abs.twimg.com/images/themes/theme15/bg.png"", ""profile_background_image_url_https"": ""https://abs.twimg.com/images/themes/theme15/bg.png"", ""profile_banner_url"": ""https://pbs.twimg.com/profile_banners/69133574/1404410942"", ""profile_image_url"": ""http://pbs.twimg.com/profile_images/905186381995147264/7zKAG5sY_normal.jpg"", ""profile_image_url_https"": ""https://pbs.twimg.com/profile_images/905186381995147264/7zKAG5sY_normal.jpg"", ""profile_link_color"": ""0084B4"", ""profile_sidebar_border_color"": ""A8C7F7"", ""profile_sidebar_fill_color"": ""C0DFEC"", ""profile_text_color"": ""333333"", ""profile_use_background_image"": true, ""screen_name"": ""hadleywickham"", ""statuses_count"": 41317, ""url"": ""https://t.co/DWqWlxbOKK"", ""verified"": true, ""withheld_in_countries"": []}, ""user_mentions"": [{""id"": 1424825981446021128, ""id_str"": ""1424825981446021128"", ""name"": ""Averi"", ""screen_name"": ""avperny""}]}, ""source"": ""<a href=\""https://mobile.twitter.com\"" rel=\""nofollow\"">Twitter Web App</a>"", ""text"": ""RT @hadleywickham: Major updates to all tidyverse cheat thanks to our intern @avperny. Download them now! #rstats https://t.co/9Nl4tX9F3d"", ""urls"": [{""expanded_url"": ""https://twitter.com/rstudio/status/1429920532187648015"", ""url"": ""https://t.co/9Nl4tX9F3d""}], ""user"": {""created_at"": ""Tue Jan 19 18:16:44 +0000 2010"", ""description"": ""Interdisciplinary Scientist."", ""favourites_count"": 2327, ""followers_count"": 317, ""friends_count"": 103, ""geo_enabled"": true, ""id"": 106483037, ""id_str"": ""106483037"", ""listed_count"": 2, ""location"": ""Bogot\u00e1, D.C., Colombia"", ""name"": ""Juan C. Correa"", ""profile_background_color"": ""000000"", ""profile_background_image_url"": ""http://abs.twimg.com/images/themes/theme1/bg.png"", ""profile_background_image_url_https"": ""https://abs.twimg.com/images/themes/theme1/bg.png"", ""profile_background_tile"": true, ""profile_banner_url"": ""https://pbs.twimg.com/profile_banners/106483037/1560802656"", ""profile_image_url"": ""http://pbs.twimg.com/profile_images/1449048000106401792/k1zKa9G5_normal.jpg"", ""profile_image_url_https"": ""https://pbs.twimg.com/profile_images/1449048000106401792/k1zKa9G5_normal.jpg"", ""profile_link_color"": ""194990"", ""profile_sidebar_border_color"": ""FFFFFF"", ""profile_sidebar_fill_color"": ""EFEFEF"", ""profile_text_color"": ""333809"", ""profile_use_background_image"": true, ""screen_name"": ""jcorrean"", ""statuses_count"": 1925, ""url"": ""https://t.co/hYf59MSnom"", ""withheld_in_countries"": []}, ""user_mentions"": [{""id"": 69133574, ""id_str"": ""69133574"", ""name"": ""Hadley Wickham"", ""screen_name"": ""hadleywickham""}, {""id"": 1424825981446021128, ""id_str"": ""1424825981446021128"", ""name"": ""Averi"", ""screen_name"": ""avperny""}]}"
15,"{""created_at"": ""Fri Aug 20 15:00:53 +0000 2021"", ""favorited"": true, ""hashtags"": [], ""id"": 1428733783130484738, ""id_str"": ""1428733783130484738"", ""lang"": ""en"", ""retweet_count"": 5, ""retweeted"": true, ""retweeted_status"": {""created_at"": ""Fri Aug 20 07:17:17 +0000 2021"", ""favorite_count"": 8, ""favorited"": true, ""hashtags"": [], ""id"": 1428617115418890242, ""id_str"": ""1428617115418890242"", ""lang"": ""en"", ""retweet_count"": 5, ""retweeted"": true, ""source"": ""<a href=\""https://mobile.twitter.com\"" rel=\""nofollow\"">Twitter Web App</a>"", ""text"": ""The Invisible Citation Commons.\n\nhttps://t.co/yiRPM0GdNj"", ""urls"": [{""expanded_url"": ""https://commonplace.knowledgefutures.org/pub/w88y7brs/release/2"", ""url"": ""https://t.co/yiRPM0GdNj""}], ""user"": {""created_at"": ""Mon Sep 01 18:04:55 +0000 2014"", ""default_profile"": true, ""description"": ""Bibliometrics, Scientometrics, Academic Libraries, University Rankings, Predatory Publishers, Research Assessment."", ""favourites_count"": 85, ""followers_count"": 552, ""friends_count"": 905, ""id"": 2784520123, ""id_str"": ""2784520123"", ""listed_count"": 16, ""name"": ""Bibli\u00f3metra furiosa"", ""profile_background_color"": ""C0DEED"", ""profile_background_image_url"": ""http://abs.twimg.com/images/themes/theme1/bg.png"", ""profile_background_image_url_https"": ""https://abs.twimg.com/images/themes/theme1/bg.png"", ""profile_banner_url"": ""https://pbs.twimg.com/profile_banners/2784520123/1601390063"", ""profile_image_url"": ""http://pbs.twimg.com/profile_images/1205517592590458880/Dws6Hm7v_normal.jpg"", ""profile_image_url_https"": ""https://pbs.twimg.com/profile_images/1205517592590458880/Dws6Hm7v_normal.jpg"", ""profile_link_color"": ""1DA1F2"", ""profile_sidebar_border_color"": ""C0DEED"", ""profile_sidebar_fill_color"": ""DDEEF6"", ""profile_text_color"": ""333333"", ""profile_use_background_image"": true, ""screen_name"": ""BibliometraF"", ""statuses_count"": 1462, ""withheld_in_countries"": []}, ""user_mentions"": []}, ""source"": ""<a href=\""http://twitter.com/download/android\"" rel=\""nofollow\"">Twitter for Android</a>"", ""text"": ""RT @BibliometraF: The Invisible Citation Commons.\n\nhttps://t.co/yiRPM0GdNj"", ""urls"": [{""expanded_url"": ""https://commonplace.knowledgefutures.org/pub/w88y7brs/release/2"", ""url"": ""https://t.co/yiRPM0GdNj""}], ""user"": {""created_at"": ""Tue Jan 19 18:16:44 +0000 2010"", ""description"": ""Interdisciplinary Scientist."", ""favourites_count"": 2327, ""followers_count"": 317, ""friends_count"": 103, ""geo_enabled"": true, ""id"": 106483037, ""id_str"": ""106483037"", ""listed_count"": 2, ""location"": ""Bogot\u00e1, D.C., Colombia"", ""name"": ""Juan C. Correa"", ""profile_background_color"": ""000000"", ""profile_background_image_url"": ""http://abs.twimg.com/images/themes/theme1/bg.png"", ""profile_background_image_url_https"": ""https://abs.twimg.com/images/themes/theme1/bg.png"", ""profile_background_tile"": true, ""profile_banner_url"": ""https://pbs.twimg.com/profile_banners/106483037/1560802656"", ""profile_image_url"": ""http://pbs.twimg.com/profile_images/1449048000106401792/k1zKa9G5_normal.jpg"", ""profile_image_url_https"": ""https://pbs.twimg.com/profile_images/1449048000106401792/k1zKa9G5_normal.jpg"", ""profile_link_color"": ""194990"", ""profile_sidebar_border_color"": ""FFFFFF"", ""profile_sidebar_fill_color"": ""EFEFEF"", ""profile_text_color"": ""333809"", ""profile_use_background_image"": true, ""screen_name"": ""jcorrean"", ""statuses_count"": 1925, ""url"": ""https://t.co/hYf59MSnom"", ""withheld_in_countries"": []}, ""user_mentions"": [{""id"": 2784520123, ""id_str"": ""2784520123"", ""name"": ""Bibli\u00f3metra furiosa"", ""screen_name"": ""BibliometraF""}]}"
16,"{""created_at"": ""Wed Aug 18 18:59:15 +0000 2021"", ""favorited"": true, ""hashtags"": [], ""id"": 1428068993894686723, ""id_str"": ""1428068993894686723"", ""lang"": ""es"", ""retweet_count"": 55, ""retweeted"": true, ""retweeted_status"": {""created_at"": ""Wed Aug 18 18:40:00 +0000 2021"", ""favorite_count"": 220, ""favorited"": true, ""hashtags"": [], ""id"": 1428064149628674049, ""id_str"": ""1428064149628674049"", ""lang"": ""es"", ""retweet_count"": 55, ""retweeted"": true, ""source"": ""<a href=\""https://mobile.twitter.com\"" rel=\""nofollow\"">Twitter Web App</a>"", ""text"": ""La evidencia m\u00e1s s\u00f3lida de como trasciende un tuit de una red social poca representativa a una red nacional signifi\u2026 https://t.co/80xMSjv9No"", ""truncated"": true, ""urls"": [{""expanded_url"": ""https://twitter.com/i/web/status/1428064149628674049"", ""url"": ""https://t.co/80xMSjv9No""}], ""user"": {""created_at"": ""Fri Dec 17 20:53:31 +0000 2010"", ""description"": ""Data Scientist & Data Analyst \ud83d\udcbb\nSocial Network Analysis & Data Science \ud83d\udcc8 \ud83d\udcca\nPostdoc at IIMAS @IIMAS_UNAM \ud83c\uddf2\ud83c\uddfd\nPh.D. in Computer Science @Uni_of_Essex \ud83c\uddec\ud83c\udde7"", ""favourites_count"": 6644, ""followers_count"": 14722, ""following"": true, ""friends_count"": 347, ""id"": 227794959, ""id_str"": ""227794959"", ""listed_count"": 176, ""location"": ""M\u00e9xico"", ""name"": ""Carlos Pi\u00f1a"", ""profile_background_color"": ""000000"", ""profile_background_image_url"": ""http://abs.twimg.com/images/themes/theme1/bg.png"", ""profile_background_image_url_https"": ""https://abs.twimg.com/images/themes/theme1/bg.png"", ""profile_banner_url"": ""https://pbs.twimg.com/profile_banners/227794959/1603132585"", ""profile_image_url"": ""http://pbs.twimg.com/profile_images/854056120108802048/z6pVLvKE_normal.jpg"", ""profile_image_url_https"": ""https://pbs.twimg.com/profile_images/854056120108802048/z6pVLvKE_normal.jpg"", ""profile_link_color"": ""3B94D9"", ""profile_sidebar_border_color"": ""000000"", ""profile_sidebar_fill_color"": ""000000"", ""profile_text_color"": ""000000"", ""profile_use_background_image"": true, ""screen_name"": ""Piniisima"", ""statuses_count"": 2715, ""withheld_in_countries"": []}, ""user_mentions"": []}, ""source"": ""<a href=\""http://twitter.com/download/android\"" rel=\""nofollow\"">Twitter for Android</a>"", ""text"": ""RT @Piniisima: La evidencia m\u00e1s s\u00f3lida de como trasciende un tuit de una red social poca representativa a una red nacional significativa; l\u2026"", ""urls"": [], ""user"": {""created_at"": ""Tue Jan 19 18:16:44 +0000 2010"", ""description"": ""Interdisciplinary Scientist."", ""favourites_count"": 2327, ""followers_count"": 317, ""friends_count"": 103, ""geo_enabled"": true, ""id"": 106483037, ""id_str"": ""106483037"", ""listed_count"": 2, ""location"": ""Bogot\u00e1, D.C., Colombia"", ""name"": ""Juan C. Correa"", ""profile_background_color"": ""000000"", ""profile_background_image_url"": ""http://abs.twimg.com/images/themes/theme1/bg.png"", ""profile_background_image_url_https"": ""https://abs.twimg.com/images/themes/theme1/bg.png"", ""profile_background_tile"": true, ""profile_banner_url"": ""https://pbs.twimg.com/profile_banners/106483037/1560802656"", ""profile_image_url"": ""http://pbs.twimg.com/profile_images/1449048000106401792/k1zKa9G5_normal.jpg"", ""profile_image_url_https"": ""https://pbs.twimg.com/profile_images/1449048000106401792/k1zKa9G5_normal.jpg"", ""profile_link_color"": ""194990"", ""profile_sidebar_border_color"": ""FFFFFF"", ""profile_sidebar_fill_color"": ""EFEFEF"", ""profile_text_color"": ""333809"", ""profile_use_background_image"": true, ""screen_name"": ""jcorrean"", ""statuses_count"": 1925, ""url"": ""https://t.co/hYf59MSnom"", ""withheld_in_countries"": []}, ""user_mentions"": [{""id"": 227794959, ""id_str"": ""227794959"", ""name"": ""Carlos Pi\u00f1a"", ""screen_name"": ""Piniisima""}]}"
17,"{""created_at"": ""Wed Aug 18 18:58:48 +0000 2021"", ""favorited"": true, ""hashtags"": [], ""id"": 1428068882267484160, ""id_str"": ""1428068882267484160"", ""lang"": ""en"", ""retweet_count"": 6, ""retweeted"": true, ""retweeted_status"": {""created_at"": ""Wed Aug 18 16:31:06 +0000 2021"", ""favorite_count"": 10, ""favorited"": true, ""hashtags"": [], ""id"": 1428031713591111699, ""id_str"": ""1428031713591111699"", ""lang"": ""en"", ""retweet_count"": 6, ""retweeted"": true, ""source"": ""<a href=\""http://twitter.com/download/android\"" rel=\""nofollow\"">Twitter for Android</a>"", ""text"": ""A reliable bibliometric picture of the post-Soviet world in science, 15 countries. Interesting!\n\nhttps://t.co/5mRdWNCdDN"", ""urls"": [{""expanded_url"": ""https://link.springer.com/article/10.1007%2Fs11192-021-04124-5"", ""url"": ""https://t.co/5mRdWNCdDN""}], ""user"": {""created_at"": ""Wed Feb 15 10:40:35 +0000 2017"", ""default_profile"": true, ""description"": ""Quantitative Science Studies | Global Academic Profession Studies | UNESCO Chair | Academia Europaea | Author \""Changing European Academics\"" (Routledge 2019)"", ""favourites_count"": 2903, ""followers_count"": 3081, ""friends_count"": 1695, ""id"": 831815461956419584, ""id_str"": ""831815461956419584"", ""listed_count"": 24, ""location"": ""Poznan, Poland"", ""name"": ""Marek Kwiek"", ""profile_background_color"": ""F5F8FA"", ""profile_banner_url"": ""https://pbs.twimg.com/profile_banners/831815461956419584/1612354522"", ""profile_image_url"": ""http://pbs.twimg.com/profile_images/1233478851667415045/9bladplv_normal.jpg"", ""profile_image_url_https"": ""https://pbs.twimg.com/profile_images/1233478851667415045/9bladplv_normal.jpg"", ""profile_link_color"": ""1DA1F2"", ""profile_sidebar_border_color"": ""C0DEED"", ""profile_sidebar_fill_color"": ""DDEEF6"", ""profile_text_color"": ""333333"", ""profile_use_background_image"": true, ""screen_name"": ""Marek_Kwiek"", ""statuses_count"": 2785, ""url"": ""https://t.co/19p6YZuCnH"", ""withheld_in_countries"": []}, ""user_mentions"": []}, ""source"": ""<a href=\""http://twitter.com/download/android\"" rel=\""nofollow\"">Twitter for Android</a>"", ""text"": ""RT @Marek_Kwiek: A reliable bibliometric picture of the post-Soviet world in science, 15 countries. Interesting!\n\nhttps://t.co/5mRdWNCdDN"", ""urls"": [{""expanded_url"": ""https://link.springer.com/article/10.1007%2Fs11192-021-04124-5"", ""url"": ""https://t.co/5mRdWNCdDN""}], ""user"": {""created_at"": ""Tue Jan 19 18:16:44 +0000 2010"", ""description"": ""Interdisciplinary Scientist."", ""favourites_count"": 2327, ""followers_count"": 317, ""friends_count"": 103, ""geo_enabled"": true, ""id"": 106483037, ""id_str"": ""106483037"", ""listed_count"": 2, ""location"": ""Bogot\u00e1, D.C., Colombia"", ""name"": ""Juan C. Correa"", ""profile_background_color"": ""000000"", ""profile_background_image_url"": ""http://abs.twimg.com/images/themes/theme1/bg.png"", ""profile_background_image_url_https"": ""https://abs.twimg.com/images/themes/theme1/bg.png"", ""profile_background_tile"": true, ""profile_banner_url"": ""https://pbs.twimg.com/profile_banners/106483037/1560802656"", ""profile_image_url"": ""http://pbs.twimg.com/profile_images/1449048000106401792/k1zKa9G5_normal.jpg"", ""profile_image_url_https"": ""https://pbs.twimg.com/profile_images/1449048000106401792/k1zKa9G5_normal.jpg"", ""profile_link_color"": ""194990"", ""profile_sidebar_border_color"": ""FFFFFF"", ""profile_sidebar_fill_color"": ""EFEFEF"", ""profile_text_color"": ""333809"", ""profile_use_background_image"": true, ""screen_name"": ""jcorrean"", ""statuses_count"": 1925, ""url"": ""https://t.co/hYf59MSnom"", ""withheld_in_countries"": []}, ""user_mentions"": [{""id"": 831815461956419584, ""id_str"": ""831815461956419584"", ""name"": ""Marek Kwiek"", ""screen_name"": ""Marek_Kwiek""}]}"
18,"{""created_at"": ""Wed Aug 18 15:39:07 +0000 2021"", ""hashtags"": [], ""id"": 1428018632676847627, ""id_str"": ""1428018632676847627"", ""lang"": ""es"", ""source"": ""<a href=\""https://mobile.twitter.com\"" rel=\""nofollow\"">Twitter Web App</a>"", ""text"": ""El pr\u00f3ximo 21 de Septiembre de 2021, estar\u00e9 encantado de compartir algunas ideas en el Primer Simposio Internaciona\u2026 https://t.co/5URHkveoTS"", ""truncated"": true, ""urls"": [{""expanded_url"": ""https://twitter.com/i/web/status/1428018632676847627"", ""url"": ""https://t.co/5URHkveoTS""}], ""user"": {""created_at"": ""Tue Jan 19 18:16:44 +0000 2010"", ""description"": ""Interdisciplinary Scientist."", ""favourites_count"": 2327, ""followers_count"": 317, ""friends_count"": 103, ""geo_enabled"": true, ""id"": 106483037, ""id_str"": ""106483037"", ""listed_count"": 2, ""location"": ""Bogot\u00e1, D.C., Colombia"", ""name"": ""Juan C. Correa"", ""profile_background_color"": ""000000"", ""profile_background_image_url"": ""http://abs.twimg.com/images/themes/theme1/bg.png"", ""profile_background_image_url_https"": ""https://abs.twimg.com/images/themes/theme1/bg.png"", ""profile_background_tile"": true, ""profile_banner_url"": ""https://pbs.twimg.com/profile_banners/106483037/1560802656"", ""profile_image_url"": ""http://pbs.twimg.com/profile_images/1449048000106401792/k1zKa9G5_normal.jpg"", ""profile_image_url_https"": ""https://pbs.twimg.com/profile_images/1449048000106401792/k1zKa9G5_normal.jpg"", ""profile_link_color"": ""194990"", ""profile_sidebar_border_color"": ""FFFFFF"", ""profile_sidebar_fill_color"": ""EFEFEF"", ""profile_text_color"": ""333809"", ""profile_use_background_image"": true, ""screen_name"": ""jcorrean"", ""statuses_count"": 1925, ""url"": ""https://t.co/hYf59MSnom"", ""withheld_in_countries"": []}, ""user_mentions"": []}"
19,"{""created_at"": ""Tue Aug 17 12:43:05 +0000 2021"", ""favorited"": true, ""hashtags"": [], ""id"": 1427611942173253634, ""id_str"": ""1427611942173253634"", ""lang"": ""en"", ""retweet_count"": 3, ""retweeted"": true, ""retweeted_status"": {""created_at"": ""Mon Aug 09 11:22:47 +0000 2021"", ""favorite_count"": 10, ""favorited"": true, ""hashtags"": [], ""id"": 1424692631435624450, ""id_str"": ""1424692631435624450"", ""lang"": ""en"", ""retweet_count"": 3, ""retweeted"": true, ""source"": ""<a href=\""https://mobile.twitter.com\"" rel=\""nofollow\"">Twitter Web App</a>"", ""text"": ""Our work \""Association between productivity and journal impact across disciplines and career age\"" has just been acce\u2026 https://t.co/cJnnLXh6yB"", ""truncated"": true, ""urls"": [{""expanded_url"": ""https://twitter.com/i/web/status/1424692631435624450"", ""url"": ""https://t.co/cJnnLXh6yB""}], ""user"": {""created_at"": ""Sun Mar 07 16:52:17 +0000 2010"", ""description"": ""I'm playing with complex systems."", ""favourites_count"": 1369, ""followers_count"": 312, ""friends_count"": 305, ""geo_enabled"": true, ""id"": 120814510, ""id_str"": ""120814510"", ""listed_count"": 8, ""location"": ""Maring\u00e1, Brazil"", ""name"": ""Haroldo V. Ribeiro"", ""profile_background_color"": ""000000"", ""profile_background_image_url"": ""http://abs.twimg.com/images/themes/theme14/bg.gif"", ""profile_background_image_url_https"": ""https://abs.twimg.com/images/themes/theme14/bg.gif"", ""profile_background_tile"": true, ""profile_banner_url"": ""https://pbs.twimg.com/profile_banners/120814510/1399308262"", ""profile_image_url"": ""http://pbs.twimg.com/profile_images/1066031242850852864/mcjNy-OP_normal.jpg"", ""profile_image_url_https"": ""https://pbs.twimg.com/profile_images/1066031242850852864/mcjNy-OP_normal.jpg"", ""profile_link_color"": ""1F39DE"", ""profile_sidebar_border_color"": ""000000"", ""profile_sidebar_fill_color"": ""C2CCFF"", ""profile_text_color"": ""333333"", ""profile_use_background_image"": true, ""screen_name"": ""RibeiroHV"", ""statuses_count"": 1067, ""url"": ""http://t.co/ildtad8ldw"", ""withheld_in_countries"": []}, ""user_mentions"": []}, ""source"": ""<a href=\""http://twitter.com/download/android\"" rel=\""nofollow\"">Twitter for Android</a>"", ""text"": ""RT @RibeiroHV: Our work \""Association between productivity and journal impact across disciplines and career age\"" has just been accepted for\u2026"", ""urls"": [], ""user"": {""created_at"": ""Tue Jan 19 18:16:44 +0000 2010"", ""description"": ""Interdisciplinary Scientist."", ""favourites_count"": 2327, ""followers_count"": 317, ""friends_count"": 103, ""geo_enabled"": true, ""id"": 106483037, ""id_str"": ""106483037"", ""listed_count"": 2, ""location"": ""Bogot\u00e1, D.C., Colombia"", ""name"": ""Juan C. Correa"", ""profile_background_color"": ""000000"", ""profile_background_image_url"": ""http://abs.twimg.com/images/themes/theme1/bg.png"", ""profile_background_image_url_https"": ""https://abs.twimg.com/images/themes/theme1/bg.png"", ""profile_background_tile"": true, ""profile_banner_url"": ""https://pbs.twimg.com/profile_banners/106483037/1560802656"", ""profile_image_url"": ""http://pbs.twimg.com/profile_images/1449048000106401792/k1zKa9G5_normal.jpg"", ""profile_image_url_https"": ""https://pbs.twimg.com/profile_images/1449048000106401792/k1zKa9G5_normal.jpg"", ""profile_link_color"": ""194990"", ""profile_sidebar_border_color"": ""FFFFFF"", ""profile_sidebar_fill_color"": ""EFEFEF"", ""profile_text_color"": ""333809"", ""profile_use_background_image"": true, ""screen_name"": ""jcorrean"", ""statuses_count"": 1925, ""url"": ""https://t.co/hYf59MSnom"", ""withheld_in_countries"": []}, ""user_mentions"": [{""id"": 120814510, ""id_str"": ""120814510"", ""name"": ""Haroldo V. Ribeiro"", ""screen_name"": ""RibeiroHV""}]}"
