Thu Nov 11 19:57:01 +0000 2021,1458886501190746116,1458886501190746116,"RT @Piniisima: ¬øC√≥mo sabemos que una campa√±a coordinada fue amplificada?‚ùì‚ùì‚ùì

R. La proporci√≥n entre tuits originales contra retuits es muy‚Ä¶",False,"{'hashtags': [], 'symbols': [], 'user_mentions': [{'screen_name': 'Piniisima', 'name': 'Carlos Pi√±a', 'id': 227794959, 'id_str': '227794959', 'indices': [3, 13]}], 'urls': []}","<a href=""http://twitter.com/download/android"" rel=""nofollow"">Twitter for Android</a>",,,,,,"{'id': 106483037, 'id_str': '106483037', 'name': 'Juan C. Correa', 'screen_name': 'jcorrean', 'location': 'Bogot√°, D.C., Colombia', 'description': 'Interdisciplinary Scientist.', 'url': 'https://t.co/hYf59MSnom', 'entities': {'url': {'urls': [{'url': 'https://t.co/hYf59MSnom', 'expanded_url': 'https://correajc.com/', 'display_url': 'correajc.com', 'indices': [0, 23]}]}, 'description': {'urls': []}}, 'protected': False, 'followers_count': 317, 'friends_count': 103, 'listed_count': 2, 'created_at': 'Tue Jan 19 18:16:44 +0000 2010', 'favourites_count': 2327, 'utc_offset': None, 'time_zone': None, 'geo_enabled': True, 'verified': False, 'statuses_count': 1925, 'lang': None, 'contributors_enabled': False, 'is_translator': False, 'is_translation_enabled': False, 'profile_background_color': '000000', 'profile_background_image_url': 'http://abs.twimg.com/images/themes/theme1/bg.png', 'profile_background_image_url_https': 'https://abs.twimg.com/images/themes/theme1/bg.png', 'profile_background_tile': True, 'profile_image_url': 'http://pbs.twimg.com/profile_images/1449048000106401792/k1zKa9G5_normal.jpg', 'profile_image_url_https': 'https://pbs.twimg.com/profile_images/1449048000106401792/k1zKa9G5_normal.jpg', 'profile_banner_url': 'https://pbs.twimg.com/profile_banners/106483037/1560802656', 'profile_link_color': '194990', 'profile_sidebar_border_color': 'FFFFFF', 'profile_sidebar_fill_color': 'EFEFEF', 'profile_text_color': '333809', 'profile_use_background_image': True, 'has_extended_profile': False, 'default_profile': False, 'default_profile_image': False, 'following': False, 'follow_request_sent': False, 'notifications': False, 'translator_type': 'none', 'withheld_in_countries': []}",,,,,"{'created_at': 'Tue Nov 09 17:49:33 +0000 2021', 'id': 1458129648575991817, 'id_str': '1458129648575991817', 'text': '¬øC√≥mo sabemos que una campa√±a coordinada fue amplificada?‚ùì‚ùì‚ùì\n\nR. La proporci√≥n entre tuits originales contra retuit‚Ä¶ https://t.co/YJzJ6cKUgL', 'truncated': True, 'entities': {'hashtags': [], 'symbols': [], 'user_mentions': [], 'urls': [{'url': 'https://t.co/YJzJ6cKUgL', 'expanded_url': 'https://twitter.com/i/web/status/1458129648575991817', 'display_url': 'twitter.com/i/web/status/1‚Ä¶', 'indices': [117, 140]}]}, 'source': '<a href=""https://mobile.twitter.com"" rel=""nofollow"">Twitter Web App</a>', 'in_reply_to_status_id': None, 'in_reply_to_status_id_str': None, 'in_reply_to_user_id': None, 'in_reply_to_user_id_str': None, 'in_reply_to_screen_name': None, 'user': {'id': 227794959, 'id_str': '227794959', 'name': 'Carlos Pi√±a', 'screen_name': 'Piniisima', 'location': 'M√©xico', 'description': 'Data Scientist & Data Analyst üíª\nSocial Network Analysis & Data Science üìà üìä\nPostdoc at IIMAS @IIMAS_UNAM üá≤üáΩ\nPh.D. in Computer Science @Uni_of_Essex üá¨üáß', 'url': None, 'entities': {'description': {'urls': []}}, 'protected': False, 'followers_count': 14731, 'friends_count': 347, 'listed_count': 177, 'created_at': 'Fri Dec 17 20:53:31 +0000 2010', 'favourites_count': 6644, 'utc_offset': None, 'time_zone': None, 'geo_enabled': False, 'verified': False, 'statuses_count': 2715, 'lang': None, 'contributors_enabled': False, 'is_translator': False, 'is_translation_enabled': False, 'profile_background_color': '000000', 'profile_background_image_url': 'http://abs.twimg.com/images/themes/theme1/bg.png', 'profile_background_image_url_https': 'https://abs.twimg.com/images/themes/theme1/bg.png', 'profile_background_tile': False, 'profile_image_url': 'http://pbs.twimg.com/profile_images/854056120108802048/z6pVLvKE_normal.jpg', 'profile_image_url_https': 'https://pbs.twimg.com/profile_images/854056120108802048/z6pVLvKE_normal.jpg', 'profile_banner_url': 'https://pbs.twimg.com/profile_banners/227794959/1603132585', 'profile_link_color': '3B94D9', 'profile_sidebar_border_color': '000000', 'profile_sidebar_fill_color': '000000', 'profile_text_color': '000000', 'profile_use_background_image': True, 'has_extended_profile': True, 'default_profile': False, 'default_profile_image': False, 'following': True, 'follow_request_sent': False, 'notifications': False, 'translator_type': 'none', 'withheld_in_countries': []}, 'geo': None, 'coordinates': None, 'place': None, 'contributors': None, 'is_quote_status': False, 'retweet_count': 55, 'favorite_count': 119, 'favorited': True, 'retweeted': True, 'possibly_sensitive': False, 'lang': 'es'}",False,55,0,True,True,es,,,,,
Thu Nov 04 19:36:42 +0000 2021,1456344673694457857,1456344673694457857,"RT @C3UNAM: This talk will show how machine learning, artificial intelligence, and natural language processing can help to trace people's b‚Ä¶",False,"{'hashtags': [], 'symbols': [], 'user_mentions': [{'screen_name': 'C3UNAM', 'name': 'C3 UNAM', 'id': 796090357066780672, 'id_str': '796090357066780672', 'indices': [3, 10]}], 'urls': []}","<a href=""http://twitter.com/download/android"" rel=""nofollow"">Twitter for Android</a>",,,,,,"{'id': 106483037, 'id_str': '106483037', 'name': 'Juan C. Correa', 'screen_name': 'jcorrean', 'location': 'Bogot√°, D.C., Colombia', 'description': 'Interdisciplinary Scientist.', 'url': 'https://t.co/hYf59MSnom', 'entities': {'url': {'urls': [{'url': 'https://t.co/hYf59MSnom', 'expanded_url': 'https://correajc.com/', 'display_url': 'correajc.com', 'indices': [0, 23]}]}, 'description': {'urls': []}}, 'protected': False, 'followers_count': 317, 'friends_count': 103, 'listed_count': 2, 'created_at': 'Tue Jan 19 18:16:44 +0000 2010', 'favourites_count': 2327, 'utc_offset': None, 'time_zone': None, 'geo_enabled': True, 'verified': False, 'statuses_count': 1925, 'lang': None, 'contributors_enabled': False, 'is_translator': False, 'is_translation_enabled': False, 'profile_background_color': '000000', 'profile_background_image_url': 'http://abs.twimg.com/images/themes/theme1/bg.png', 'profile_background_image_url_https': 'https://abs.twimg.com/images/themes/theme1/bg.png', 'profile_background_tile': True, 'profile_image_url': 'http://pbs.twimg.com/profile_images/1449048000106401792/k1zKa9G5_normal.jpg', 'profile_image_url_https': 'https://pbs.twimg.com/profile_images/1449048000106401792/k1zKa9G5_normal.jpg', 'profile_banner_url': 'https://pbs.twimg.com/profile_banners/106483037/1560802656', 'profile_link_color': '194990', 'profile_sidebar_border_color': 'FFFFFF', 'profile_sidebar_fill_color': 'EFEFEF', 'profile_text_color': '333809', 'profile_use_background_image': True, 'has_extended_profile': False, 'default_profile': False, 'default_profile_image': False, 'following': False, 'follow_request_sent': False, 'notifications': False, 'translator_type': 'none', 'withheld_in_countries': []}",,,,,"{'created_at': 'Wed Nov 03 17:50:07 +0000 2021', 'id': 1455955465490341902, 'id_str': '1455955465490341902', 'text': 'This talk will show how machine learning, artificial intelligence, and natural language processing can help to trac‚Ä¶ https://t.co/Vm3epEeo6G', 'truncated': True, 'entities': {'hashtags': [], 'symbols': [], 'user_mentions': [], 'urls': [{'url': 'https://t.co/Vm3epEeo6G', 'expanded_url': 'https://twitter.com/i/web/status/1455955465490341902', 'display_url': 'twitter.com/i/web/status/1‚Ä¶', 'indices': [117, 140]}]}, 'source': '<a href=""http://twitter.com/download/android"" rel=""nofollow"">Twitter for Android</a>', 'in_reply_to_status_id': None, 'in_reply_to_status_id_str': None, 'in_reply_to_user_id': None, 'in_reply_to_user_id_str': None, 'in_reply_to_screen_name': None, 'user': {'id': 796090357066780672, 'id_str': '796090357066780672', 'name': 'C3 UNAM', 'screen_name': 'C3UNAM', 'location': 'M√©xico', 'description': 'Cuenta oficial del Centro de Ciencias de la Complejidad (C3) de la Universidad Nacional Aut√≥noma de M√©xico.', 'url': 'https://t.co/ekm3wYvVOU', 'entities': {'url': {'urls': [{'url': 'https://t.co/ekm3wYvVOU', 'expanded_url': 'http://www.c3.unam.mx/index.html', 'display_url': 'c3.unam.mx/index.html', 'indices': [0, 23]}]}, 'description': {'urls': []}}, 'protected': False, 'followers_count': 4023, 'friends_count': 123, 'listed_count': 41, 'created_at': 'Tue Nov 08 20:41:46 +0000 2016', 'favourites_count': 343, 'utc_offset': None, 'time_zone': None, 'geo_enabled': True, 'verified': False, 'statuses_count': 4974, 'lang': None, 'contributors_enabled': False, 'is_translator': False, 'is_translation_enabled': False, 'profile_background_color': '000000', 'profile_background_image_url': 'http://abs.twimg.com/images/themes/theme1/bg.png', 'profile_background_image_url_https': 'https://abs.twimg.com/images/themes/theme1/bg.png', 'profile_background_tile': False, 'profile_image_url': 'http://pbs.twimg.com/profile_images/1383200816232734729/uzPzoScD_normal.jpg', 'profile_image_url_https': 'https://pbs.twimg.com/profile_images/1383200816232734729/uzPzoScD_normal.jpg', 'profile_banner_url': 'https://pbs.twimg.com/profile_banners/796090357066780672/1636499947', 'profile_link_color': 'E96E09', 'profile_sidebar_border_color': '000000', 'profile_sidebar_fill_color': '000000', 'profile_text_color': '000000', 'profile_use_background_image': False, 'has_extended_profile': False, 'default_profile': False, 'default_profile_image': False, 'following': False, 'follow_request_sent': False, 'notifications': False, 'translator_type': 'none', 'withheld_in_countries': []}, 'geo': None, 'coordinates': None, 'place': None, 'contributors': None, 'is_quote_status': False, 'retweet_count': 8, 'favorite_count': 24, 'favorited': True, 'retweeted': True, 'possibly_sensitive': False, 'lang': 'en'}",False,8,0,True,True,en,,,,,
Sat Oct 30 11:46:53 +0000 2021,1454414502183817223,1454414502183817223,"RT @isidroaguillo: Ya se que debemos utilizar la cortes√≠a acad√©mica y ser pol√≠ticamente correctos, pero ¬øc√≥mo actuar con un interlocutor ab‚Ä¶",False,"{'hashtags': [], 'symbols': [], 'user_mentions': [{'screen_name': 'isidroaguillo', 'name': 'Isidro F. Aguillo', 'id': 540098505, 'id_str': '540098505', 'indices': [3, 17]}], 'urls': []}","<a href=""http://twitter.com/download/android"" rel=""nofollow"">Twitter for Android</a>",,,,,,"{'id': 106483037, 'id_str': '106483037', 'name': 'Juan C. Correa', 'screen_name': 'jcorrean', 'location': 'Bogot√°, D.C., Colombia', 'description': 'Interdisciplinary Scientist.', 'url': 'https://t.co/hYf59MSnom', 'entities': {'url': {'urls': [{'url': 'https://t.co/hYf59MSnom', 'expanded_url': 'https://correajc.com/', 'display_url': 'correajc.com', 'indices': [0, 23]}]}, 'description': {'urls': []}}, 'protected': False, 'followers_count': 317, 'friends_count': 103, 'listed_count': 2, 'created_at': 'Tue Jan 19 18:16:44 +0000 2010', 'favourites_count': 2327, 'utc_offset': None, 'time_zone': None, 'geo_enabled': True, 'verified': False, 'statuses_count': 1925, 'lang': None, 'contributors_enabled': False, 'is_translator': False, 'is_translation_enabled': False, 'profile_background_color': '000000', 'profile_background_image_url': 'http://abs.twimg.com/images/themes/theme1/bg.png', 'profile_background_image_url_https': 'https://abs.twimg.com/images/themes/theme1/bg.png', 'profile_background_tile': True, 'profile_image_url': 'http://pbs.twimg.com/profile_images/1449048000106401792/k1zKa9G5_normal.jpg', 'profile_image_url_https': 'https://pbs.twimg.com/profile_images/1449048000106401792/k1zKa9G5_normal.jpg', 'profile_banner_url': 'https://pbs.twimg.com/profile_banners/106483037/1560802656', 'profile_link_color': '194990', 'profile_sidebar_border_color': 'FFFFFF', 'profile_sidebar_fill_color': 'EFEFEF', 'profile_text_color': '333809', 'profile_use_background_image': True, 'has_extended_profile': False, 'default_profile': False, 'default_profile_image': False, 'following': False, 'follow_request_sent': False, 'notifications': False, 'translator_type': 'none', 'withheld_in_countries': []}",,,,,"{'created_at': 'Fri Oct 29 16:59:56 +0000 2021', 'id': 1454130896106397696, 'id_str': '1454130896106397696', 'text': 'Ya se que debemos utilizar la cortes√≠a acad√©mica y ser pol√≠ticamente correctos, pero ¬øc√≥mo actuar con un interlocutor abiertamente tramposo?', 'truncated': False, 'entities': {'hashtags': [], 'symbols': [], 'user_mentions': [], 'urls': []}, 'source': '<a href=""http://twitter.com/download/android"" rel=""nofollow"">Twitter for Android</a>', 'in_reply_to_status_id': None, 'in_reply_to_status_id_str': None, 'in_reply_to_user_id': None, 'in_reply_to_user_id_str': None, 'in_reply_to_screen_name': None, 'user': {'id': 540098505, 'id_str': '540098505', 'name': 'Isidro F. Aguillo', 'screen_name': 'isidroaguillo', 'location': 'Madrid, Spain', 'description': 'CybermetricsLab IPP-CSIC. Webometrics Rankings. OpenScience. Scimago. 2DoctorHonorisCausa. Ornithology. #HaroCapitaldelRioja', 'url': 'https://t.co/NWag7T5LCc', 'entities': {'url': {'urls': [{'url': 'https://t.co/NWag7T5LCc', 'expanded_url': 'http://www.webometrics.info/', 'display_url': 'webometrics.info', 'indices': [0, 23]}]}, 'description': {'urls': []}}, 'protected': False, 'followers_count': 8047, 'friends_count': 5662, 'listed_count': 417, 'created_at': 'Thu Mar 29 14:18:35 +0000 2012', 'favourites_count': 9882, 'utc_offset': None, 'time_zone': None, 'geo_enabled': True, 'verified': False, 'statuses_count': 53420, 'lang': None, 'contributors_enabled': False, 'is_translator': False, 'is_translation_enabled': False, 'profile_background_color': 'C0DEED', 'profile_background_image_url': 'http://abs.twimg.com/images/themes/theme1/bg.png', 'profile_background_image_url_https': 'https://abs.twimg.com/images/themes/theme1/bg.png', 'profile_background_tile': False, 'profile_image_url': 'http://pbs.twimg.com/profile_images/1205946067541536768/83Uemqqm_normal.jpg', 'profile_image_url_https': 'https://pbs.twimg.com/profile_images/1205946067541536768/83Uemqqm_normal.jpg', 'profile_banner_url': 'https://pbs.twimg.com/profile_banners/540098505/1356882863', 'profile_link_color': '333333', 'profile_sidebar_border_color': 'FFFFFF', 'profile_sidebar_fill_color': '0DACF6', 'profile_text_color': '0084B4', 'profile_use_background_image': True, 'has_extended_profile': True, 'default_profile': False, 'default_profile_image': False, 'following': True, 'follow_request_sent': False, 'notifications': False, 'translator_type': 'none', 'withheld_in_countries': []}, 'geo': None, 'coordinates': None, 'place': {'id': '38d9cbda006bd926', 'url': 'https://api.twitter.com/1.1/geo/id/38d9cbda006bd926.json', 'place_type': 'city', 'name': 'Cilleruelo de Abajo', 'full_name': 'Cilleruelo de Abajo, Espa√±a', 'country_code': 'ES', 'country': 'Spain', 'contained_within': [], 'bounding_box': {'type': 'Polygon', 'coordinates': [[[-3.8612619, 41.8611209], [-3.7391994, 41.8611209], [-3.7391994, 41.9329477], [-3.8612619, 41.9329477]]]}, 'attributes': {}}, 'contributors': None, 'is_quote_status': False, 'retweet_count': 5, 'favorite_count': 18, 'favorited': True, 'retweeted': True, 'lang': 'es'}",False,5,0,True,True,es,,,,,
Wed Oct 27 23:29:02 +0000 2021,1453504041636569093,1453504041636569093,@cosnet_bifi @BIFI_Instituto @unizar @UccUnizar @ARAID_ES @GobAragon Congrats!,False,"{'hashtags': [], 'symbols': [], 'user_mentions': [{'screen_name': 'cosnet_bifi', 'name': 'Yamir Moreno', 'id': 426509606, 'id_str': '426509606', 'indices': [0, 12]}, {'screen_name': 'BIFI_Instituto', 'name': 'BIFI', 'id': 317777498, 'id_str': '317777498', 'indices': [13, 28]}, {'screen_name': 'unizar', 'name': 'Universidad Zaragoza', 'id': 134037648, 'id_str': '134037648', 'indices': [29, 36]}, {'screen_name': 'UccUnizar', 'name': 'UCC unizar', 'id': 2794565619, 'id_str': '2794565619', 'indices': [37, 47]}, {'screen_name': 'ARAID_ES', 'name': 'ARAID', 'id': 912235435463778304, 'id_str': '912235435463778304', 'indices': [48, 57]}, {'screen_name': 'GobAragon', 'name': 'Gobierno de Arag√≥n', 'id': 105125276, 'id_str': '105125276', 'indices': [58, 68]}], 'urls': []}","<a href=""http://twitter.com/download/android"" rel=""nofollow"">Twitter for Android</a>",1452933401535733766,1452933401535733766,426509606,426509606,cosnet_bifi,"{'id': 106483037, 'id_str': '106483037', 'name': 'Juan C. Correa', 'screen_name': 'jcorrean', 'location': 'Bogot√°, D.C., Colombia', 'description': 'Interdisciplinary Scientist.', 'url': 'https://t.co/hYf59MSnom', 'entities': {'url': {'urls': [{'url': 'https://t.co/hYf59MSnom', 'expanded_url': 'https://correajc.com/', 'display_url': 'correajc.com', 'indices': [0, 23]}]}, 'description': {'urls': []}}, 'protected': False, 'followers_count': 317, 'friends_count': 103, 'listed_count': 2, 'created_at': 'Tue Jan 19 18:16:44 +0000 2010', 'favourites_count': 2327, 'utc_offset': None, 'time_zone': None, 'geo_enabled': True, 'verified': False, 'statuses_count': 1925, 'lang': None, 'contributors_enabled': False, 'is_translator': False, 'is_translation_enabled': False, 'profile_background_color': '000000', 'profile_background_image_url': 'http://abs.twimg.com/images/themes/theme1/bg.png', 'profile_background_image_url_https': 'https://abs.twimg.com/images/themes/theme1/bg.png', 'profile_background_tile': True, 'profile_image_url': 'http://pbs.twimg.com/profile_images/1449048000106401792/k1zKa9G5_normal.jpg', 'profile_image_url_https': 'https://pbs.twimg.com/profile_images/1449048000106401792/k1zKa9G5_normal.jpg', 'profile_banner_url': 'https://pbs.twimg.com/profile_banners/106483037/1560802656', 'profile_link_color': '194990', 'profile_sidebar_border_color': 'FFFFFF', 'profile_sidebar_fill_color': 'EFEFEF', 'profile_text_color': '333809', 'profile_use_background_image': True, 'has_extended_profile': False, 'default_profile': False, 'default_profile_image': False, 'following': False, 'follow_request_sent': False, 'notifications': False, 'translator_type': 'none', 'withheld_in_countries': []}",,,,,,False,0,0,False,False,en,,,,,
Fri Oct 22 18:04:35 +0000 2021,1451610449338904581,1451610449338904581,https://t.co/7jHt4A8JKJ,False,"{'hashtags': [], 'symbols': [], 'user_mentions': [], 'urls': [], 'media': [{'id': 1451610389230280707, 'id_str': '1451610389230280707', 'indices': [0, 23], 'media_url': 'http://pbs.twimg.com/media/FCUn9UJWYAMtATa.png', 'media_url_https': 'https://pbs.twimg.com/media/FCUn9UJWYAMtATa.png', 'url': 'https://t.co/7jHt4A8JKJ', 'display_url': 'pic.twitter.com/7jHt4A8JKJ', 'expanded_url': 'https://twitter.com/jcorrean/status/1451610449338904581/photo/1', 'type': 'photo', 'sizes': {'small': {'w': 600, 'h': 265, 'resize': 'fit'}, 'thumb': {'w': 150, 'h': 150, 'resize': 'crop'}, 'large': {'w': 600, 'h': 265, 'resize': 'fit'}, 'medium': {'w': 600, 'h': 265, 'resize': 'fit'}}}]}","<a href=""https://mobile.twitter.com"" rel=""nofollow"">Twitter Web App</a>",,,,,,"{'id': 106483037, 'id_str': '106483037', 'name': 'Juan C. Correa', 'screen_name': 'jcorrean', 'location': 'Bogot√°, D.C., Colombia', 'description': 'Interdisciplinary Scientist.', 'url': 'https://t.co/hYf59MSnom', 'entities': {'url': {'urls': [{'url': 'https://t.co/hYf59MSnom', 'expanded_url': 'https://correajc.com/', 'display_url': 'correajc.com', 'indices': [0, 23]}]}, 'description': {'urls': []}}, 'protected': False, 'followers_count': 317, 'friends_count': 103, 'listed_count': 2, 'created_at': 'Tue Jan 19 18:16:44 +0000 2010', 'favourites_count': 2327, 'utc_offset': None, 'time_zone': None, 'geo_enabled': True, 'verified': False, 'statuses_count': 1925, 'lang': None, 'contributors_enabled': False, 'is_translator': False, 'is_translation_enabled': False, 'profile_background_color': '000000', 'profile_background_image_url': 'http://abs.twimg.com/images/themes/theme1/bg.png', 'profile_background_image_url_https': 'https://abs.twimg.com/images/themes/theme1/bg.png', 'profile_background_tile': True, 'profile_image_url': 'http://pbs.twimg.com/profile_images/1449048000106401792/k1zKa9G5_normal.jpg', 'profile_image_url_https': 'https://pbs.twimg.com/profile_images/1449048000106401792/k1zKa9G5_normal.jpg', 'profile_banner_url': 'https://pbs.twimg.com/profile_banners/106483037/1560802656', 'profile_link_color': '194990', 'profile_sidebar_border_color': 'FFFFFF', 'profile_sidebar_fill_color': 'EFEFEF', 'profile_text_color': '333809', 'profile_use_background_image': True, 'has_extended_profile': False, 'default_profile': False, 'default_profile_image': False, 'following': False, 'follow_request_sent': False, 'notifications': False, 'translator_type': 'none', 'withheld_in_countries': []}",,,,,,False,0,1,False,False,und,"{'media': [{'id': 1451610389230280707, 'id_str': '1451610389230280707', 'indices': [0, 23], 'media_url': 'http://pbs.twimg.com/media/FCUn9UJWYAMtATa.png', 'media_url_https': 'https://pbs.twimg.com/media/FCUn9UJWYAMtATa.png', 'url': 'https://t.co/7jHt4A8JKJ', 'display_url': 'pic.twitter.com/7jHt4A8JKJ', 'expanded_url': 'https://twitter.com/jcorrean/status/1451610449338904581/photo/1', 'type': 'photo', 'sizes': {'small': {'w': 600, 'h': 265, 'resize': 'fit'}, 'thumb': {'w': 150, 'h': 150, 'resize': 'crop'}, 'large': {'w': 600, 'h': 265, 'resize': 'fit'}, 'medium': {'w': 600, 'h': 265, 'resize': 'fit'}}}]}",False,,,
Tue Oct 19 16:51:58 +0000 2021,1450505011960729608,1450505011960729608,Wow. This interesting article by @gcabanac  and colleagues presents a brand new perspective of scientific writing a‚Ä¶ https://t.co/Y26MRzZDPm,True,"{'hashtags': [], 'symbols': [], 'user_mentions': [{'screen_name': 'gcabanac', 'name': 'Guillaume Cabanac', 'id': 237738266, 'id_str': '237738266', 'indices': [33, 42]}], 'urls': [{'url': 'https://t.co/Y26MRzZDPm', 'expanded_url': 'https://twitter.com/i/web/status/1450505011960729608', 'display_url': 'twitter.com/i/web/status/1‚Ä¶', 'indices': [117, 140]}]}","<a href=""https://mobile.twitter.com"" rel=""nofollow"">Twitter Web App</a>",,,,,,"{'id': 106483037, 'id_str': '106483037', 'name': 'Juan C. Correa', 'screen_name': 'jcorrean', 'location': 'Bogot√°, D.C., Colombia', 'description': 'Interdisciplinary Scientist.', 'url': 'https://t.co/hYf59MSnom', 'entities': {'url': {'urls': [{'url': 'https://t.co/hYf59MSnom', 'expanded_url': 'https://correajc.com/', 'display_url': 'correajc.com', 'indices': [0, 23]}]}, 'description': {'urls': []}}, 'protected': False, 'followers_count': 317, 'friends_count': 103, 'listed_count': 2, 'created_at': 'Tue Jan 19 18:16:44 +0000 2010', 'favourites_count': 2327, 'utc_offset': None, 'time_zone': None, 'geo_enabled': True, 'verified': False, 'statuses_count': 1925, 'lang': None, 'contributors_enabled': False, 'is_translator': False, 'is_translation_enabled': False, 'profile_background_color': '000000', 'profile_background_image_url': 'http://abs.twimg.com/images/themes/theme1/bg.png', 'profile_background_image_url_https': 'https://abs.twimg.com/images/themes/theme1/bg.png', 'profile_background_tile': True, 'profile_image_url': 'http://pbs.twimg.com/profile_images/1449048000106401792/k1zKa9G5_normal.jpg', 'profile_image_url_https': 'https://pbs.twimg.com/profile_images/1449048000106401792/k1zKa9G5_normal.jpg', 'profile_banner_url': 'https://pbs.twimg.com/profile_banners/106483037/1560802656', 'profile_link_color': '194990', 'profile_sidebar_border_color': 'FFFFFF', 'profile_sidebar_fill_color': 'EFEFEF', 'profile_text_color': '333809', 'profile_use_background_image': True, 'has_extended_profile': False, 'default_profile': False, 'default_profile_image': False, 'following': False, 'follow_request_sent': False, 'notifications': False, 'translator_type': 'none', 'withheld_in_countries': []}",,,,,,True,0,0,False,False,en,,False,1.4155594277431747e+18,1415559427743174661,"{'created_at': 'Thu Jul 15 06:30:42 +0000 2021', 'id': 1415559427743174661, 'id_str': '1415559427743174661', 'text': 'Just out @arxiv: ‚ÄúTortured phrases: A dubious writing style emerging in science. Evidence of critical issues affect‚Ä¶ https://t.co/fUaPsvmPY9', 'truncated': True, 'entities': {'hashtags': [], 'symbols': [], 'user_mentions': [{'screen_name': 'arxiv', 'name': 'arXiv.org', 'id': 808633423300624384, 'id_str': '808633423300624384', 'indices': [9, 15]}], 'urls': [{'url': 'https://t.co/fUaPsvmPY9', 'expanded_url': 'https://twitter.com/i/web/status/1415559427743174661', 'display_url': 'twitter.com/i/web/status/1‚Ä¶', 'indices': [117, 140]}]}, 'source': '<a href=""https://mobile.twitter.com"" rel=""nofollow"">Twitter Web App</a>', 'in_reply_to_status_id': None, 'in_reply_to_status_id_str': None, 'in_reply_to_user_id': None, 'in_reply_to_user_id_str': None, 'in_reply_to_screen_name': None, 'user': {'id': 237738266, 'id_str': '237738266', 'name': 'Guillaume Cabanac', 'screen_name': 'gcabanac', 'location': 'University of Toulouse, France', 'description': 'Associate Professor of Computer Science. Information Retrieval ‚Ä¢ Scientometrics ‚Ä¢ Meta-Research ‚Äî Latest work: https://t.co/JWvv8bh612 and @_Nano_Bubbles', 'url': 'https://t.co/W0mT50CcA6', 'entities': {'url': {'urls': [{'url': 'https://t.co/W0mT50CcA6', 'expanded_url': 'http://www.irit.fr/~Guillaume.Cabanac/', 'display_url': 'irit.fr/~Guillaume.Cab‚Ä¶', 'indices': [0, 23]}]}, 'description': {'urls': [{'url': 'https://t.co/JWvv8bh612', 'expanded_url': 'https://bit.ly/gc-research', 'display_url': 'bit.ly/gc-research', 'indices': [111, 134]}]}}, 'protected': False, 'followers_count': 2147, 'friends_count': 963, 'listed_count': 166, 'created_at': 'Thu Jan 13 14:29:21 +0000 2011', 'favourites_count': 32593, 'utc_offset': None, 'time_zone': None, 'geo_enabled': False, 'verified': False, 'statuses_count': 16213, 'lang': None, 'contributors_enabled': False, 'is_translator': False, 'is_translation_enabled': False, 'profile_background_color': 'C0DEED', 'profile_background_image_url': 'http://abs.twimg.com/images/themes/theme1/bg.png', 'profile_background_image_url_https': 'https://abs.twimg.com/images/themes/theme1/bg.png', 'profile_background_tile': False, 'profile_image_url': 'http://pbs.twimg.com/profile_images/794644597855109120/CyK0G40Z_normal.jpg', 'profile_image_url_https': 'https://pbs.twimg.com/profile_images/794644597855109120/CyK0G40Z_normal.jpg', 'profile_banner_url': 'https://pbs.twimg.com/profile_banners/237738266/1410162532', 'profile_link_color': '0084B4', 'profile_sidebar_border_color': 'C0DEED', 'profile_sidebar_fill_color': 'DDEEF6', 'profile_text_color': '333333', 'profile_use_background_image': True, 'has_extended_profile': True, 'default_profile': False, 'default_profile_image': False, 'following': True, 'follow_request_sent': False, 'notifications': False, 'translator_type': 'none', 'withheld_in_countries': []}, 'geo': None, 'coordinates': None, 'place': None, 'contributors': None, 'is_quote_status': False, 'retweet_count': 148, 'favorite_count': 334, 'favorited': False, 'retweeted': False, 'possibly_sensitive': False, 'lang': 'en'}"
Tue Oct 12 10:51:26 +0000 2021,1447877563834146822,1447877563834146822,"RT @MyScienceWork: An interesting read üìñ  from Interdisciplinary Scientist @jcorrean 
Does limited access to publications really hinder sci‚Ä¶",False,"{'hashtags': [], 'symbols': [], 'user_mentions': [{'screen_name': 'MyScienceWork', 'name': 'MyScienceWork', 'id': 184010593, 'id_str': '184010593', 'indices': [3, 17]}, {'screen_name': 'jcorrean', 'name': 'Juan C. Correa', 'id': 106483037, 'id_str': '106483037', 'indices': [75, 84]}], 'urls': []}","<a href=""http://twitter.com/download/android"" rel=""nofollow"">Twitter for Android</a>",,,,,,"{'id': 106483037, 'id_str': '106483037', 'name': 'Juan C. Correa', 'screen_name': 'jcorrean', 'location': 'Bogot√°, D.C., Colombia', 'description': 'Interdisciplinary Scientist.', 'url': 'https://t.co/hYf59MSnom', 'entities': {'url': {'urls': [{'url': 'https://t.co/hYf59MSnom', 'expanded_url': 'https://correajc.com/', 'display_url': 'correajc.com', 'indices': [0, 23]}]}, 'description': {'urls': []}}, 'protected': False, 'followers_count': 317, 'friends_count': 103, 'listed_count': 2, 'created_at': 'Tue Jan 19 18:16:44 +0000 2010', 'favourites_count': 2327, 'utc_offset': None, 'time_zone': None, 'geo_enabled': True, 'verified': False, 'statuses_count': 1925, 'lang': None, 'contributors_enabled': False, 'is_translator': False, 'is_translation_enabled': False, 'profile_background_color': '000000', 'profile_background_image_url': 'http://abs.twimg.com/images/themes/theme1/bg.png', 'profile_background_image_url_https': 'https://abs.twimg.com/images/themes/theme1/bg.png', 'profile_background_tile': True, 'profile_image_url': 'http://pbs.twimg.com/profile_images/1449048000106401792/k1zKa9G5_normal.jpg', 'profile_image_url_https': 'https://pbs.twimg.com/profile_images/1449048000106401792/k1zKa9G5_normal.jpg', 'profile_banner_url': 'https://pbs.twimg.com/profile_banners/106483037/1560802656', 'profile_link_color': '194990', 'profile_sidebar_border_color': 'FFFFFF', 'profile_sidebar_fill_color': 'EFEFEF', 'profile_text_color': '333809', 'profile_use_background_image': True, 'has_extended_profile': False, 'default_profile': False, 'default_profile_image': False, 'following': False, 'follow_request_sent': False, 'notifications': False, 'translator_type': 'none', 'withheld_in_countries': []}",,,,,"{'created_at': 'Tue Oct 12 10:00:01 +0000 2021', 'id': 1447864624473272327, 'id_str': '1447864624473272327', 'text': 'An interesting read üìñ  from Interdisciplinary Scientist @jcorrean \nDoes limited access to publications really hinde‚Ä¶ https://t.co/UNZvgcgTBG', 'truncated': True, 'entities': {'hashtags': [], 'symbols': [], 'user_mentions': [{'screen_name': 'jcorrean', 'name': 'Juan C. Correa', 'id': 106483037, 'id_str': '106483037', 'indices': [56, 65]}], 'urls': [{'url': 'https://t.co/UNZvgcgTBG', 'expanded_url': 'https://twitter.com/i/web/status/1447864624473272327', 'display_url': 'twitter.com/i/web/status/1‚Ä¶', 'indices': [117, 140]}]}, 'source': '<a href=""https://mobile.twitter.com"" rel=""nofollow"">Twitter Web App</a>', 'in_reply_to_status_id': None, 'in_reply_to_status_id_str': None, 'in_reply_to_user_id': None, 'in_reply_to_user_id_str': None, 'in_reply_to_screen_name': None, 'user': {'id': 184010593, 'id_str': '184010593', 'name': 'MyScienceWork', 'screen_name': 'MyScienceWork', 'location': 'Paris, France', 'description': ""Team of friendly experts in communication & data scienceüë©\u200düî¨\nPop' science blog &\xa0Scientific Network dedicated to academic, businesses, and science enthusiasts!"", 'url': 'http://t.co/KcQj75T96i', 'entities': {'url': {'urls': [{'url': 'http://t.co/KcQj75T96i', 'expanded_url': 'http://www.mysciencework.com', 'display_url': 'mysciencework.com', 'indices': [0, 22]}]}, 'description': {'urls': []}}, 'protected': False, 'followers_count': 7132, 'friends_count': 1702, 'listed_count': 516, 'created_at': 'Sat Aug 28 13:15:37 +0000 2010', 'favourites_count': 10367, 'utc_offset': None, 'time_zone': None, 'geo_enabled': True, 'verified': False, 'statuses_count': 49473, 'lang': None, 'contributors_enabled': False, 'is_translator': False, 'is_translation_enabled': False, 'profile_background_color': '352726', 'profile_background_image_url': 'http://abs.twimg.com/images/themes/theme5/bg.gif', 'profile_background_image_url_https': 'https://abs.twimg.com/images/themes/theme5/bg.gif', 'profile_background_tile': False, 'profile_image_url': 'http://pbs.twimg.com/profile_images/996682951109873664/NV6-KgnK_normal.jpg', 'profile_image_url_https': 'https://pbs.twimg.com/profile_images/996682951109873664/NV6-KgnK_normal.jpg', 'profile_banner_url': 'https://pbs.twimg.com/profile_banners/184010593/1574089008', 'profile_link_color': '083665', 'profile_sidebar_border_color': 'FFFFFF', 'profile_sidebar_fill_color': '99CC33', 'profile_text_color': '3E4415', 'profile_use_background_image': True, 'has_extended_profile': False, 'default_profile': False, 'default_profile_image': False, 'following': False, 'follow_request_sent': False, 'notifications': False, 'translator_type': 'none', 'withheld_in_countries': []}, 'geo': None, 'coordinates': None, 'place': None, 'contributors': None, 'is_quote_status': False, 'retweet_count': 2, 'favorite_count': 3, 'favorited': True, 'retweeted': True, 'possibly_sensitive': False, 'lang': 'en'}",False,2,0,True,True,en,,,,,
Wed Oct 06 19:30:02 +0000 2021,1445833747715084303,1445833747715084303,RT @profjamesevans: The amazing Johan Chu and I published a piece out this week at PNAS (https://t.co/McjwkXBxvG) showing how the growing s‚Ä¶,False,"{'hashtags': [], 'symbols': [], 'user_mentions': [{'screen_name': 'profjamesevans', 'name': 'James Evans', 'id': 1096376827164180482, 'id_str': '1096376827164180482', 'indices': [3, 18]}], 'urls': [{'url': 'https://t.co/McjwkXBxvG', 'expanded_url': 'https://doi.org/10.1073/pnas.2021636118', 'display_url': 'doi.org/10.1073/pnas.2‚Ä¶', 'indices': [89, 112]}]}","<a href=""http://twitter.com/download/android"" rel=""nofollow"">Twitter for Android</a>",,,,,,"{'id': 106483037, 'id_str': '106483037', 'name': 'Juan C. Correa', 'screen_name': 'jcorrean', 'location': 'Bogot√°, D.C., Colombia', 'description': 'Interdisciplinary Scientist.', 'url': 'https://t.co/hYf59MSnom', 'entities': {'url': {'urls': [{'url': 'https://t.co/hYf59MSnom', 'expanded_url': 'https://correajc.com/', 'display_url': 'correajc.com', 'indices': [0, 23]}]}, 'description': {'urls': []}}, 'protected': False, 'followers_count': 317, 'friends_count': 103, 'listed_count': 2, 'created_at': 'Tue Jan 19 18:16:44 +0000 2010', 'favourites_count': 2327, 'utc_offset': None, 'time_zone': None, 'geo_enabled': True, 'verified': False, 'statuses_count': 1925, 'lang': None, 'contributors_enabled': False, 'is_translator': False, 'is_translation_enabled': False, 'profile_background_color': '000000', 'profile_background_image_url': 'http://abs.twimg.com/images/themes/theme1/bg.png', 'profile_background_image_url_https': 'https://abs.twimg.com/images/themes/theme1/bg.png', 'profile_background_tile': True, 'profile_image_url': 'http://pbs.twimg.com/profile_images/1449048000106401792/k1zKa9G5_normal.jpg', 'profile_image_url_https': 'https://pbs.twimg.com/profile_images/1449048000106401792/k1zKa9G5_normal.jpg', 'profile_banner_url': 'https://pbs.twimg.com/profile_banners/106483037/1560802656', 'profile_link_color': '194990', 'profile_sidebar_border_color': 'FFFFFF', 'profile_sidebar_fill_color': 'EFEFEF', 'profile_text_color': '333809', 'profile_use_background_image': True, 'has_extended_profile': False, 'default_profile': False, 'default_profile_image': False, 'following': False, 'follow_request_sent': False, 'notifications': False, 'translator_type': 'none', 'withheld_in_countries': []}",,,,,"{'created_at': 'Wed Oct 06 16:39:37 +0000 2021', 'id': 1445790860893769729, 'id_str': '1445790860893769729', 'text': 'The amazing Johan Chu and I published a piece out this week at PNAS (https://t.co/McjwkXBxvG) showing how the growi‚Ä¶ https://t.co/dCFZHf7rag', 'truncated': True, 'entities': {'hashtags': [], 'symbols': [], 'user_mentions': [], 'urls': [{'url': 'https://t.co/McjwkXBxvG', 'expanded_url': 'https://doi.org/10.1073/pnas.2021636118', 'display_url': 'doi.org/10.1073/pnas.2‚Ä¶', 'indices': [69, 92]}, {'url': 'https://t.co/dCFZHf7rag', 'expanded_url': 'https://twitter.com/i/web/status/1445790860893769729', 'display_url': 'twitter.com/i/web/status/1‚Ä¶', 'indices': [117, 140]}]}, 'source': '<a href=""https://mobile.twitter.com"" rel=""nofollow"">Twitter Web App</a>', 'in_reply_to_status_id': None, 'in_reply_to_status_id_str': None, 'in_reply_to_user_id': None, 'in_reply_to_user_id_str': None, 'in_reply_to_screen_name': None, 'user': {'id': 1096376827164180482, 'id_str': '1096376827164180482', 'name': 'James Evans', 'screen_name': 'profjamesevans', 'location': '', 'description': 'Sociologist and Computational Scientist @UChicago tweeting about science, technology and augmented imagination.', 'url': 'https://t.co/LLQucgHyaT', 'entities': {'url': {'urls': [{'url': 'https://t.co/LLQucgHyaT', 'expanded_url': 'https://sociology.uchicago.edu/directory/james-evans', 'display_url': 'sociology.uchicago.edu/directory/jame‚Ä¶', 'indices': [0, 23]}]}, 'description': {'urls': []}}, 'protected': False, 'followers_count': 1008, 'friends_count': 87, 'listed_count': 21, 'created_at': 'Fri Feb 15 11:53:00 +0000 2019', 'favourites_count': 229, 'utc_offset': None, 'time_zone': None, 'geo_enabled': False, 'verified': False, 'statuses_count': 113, 'lang': None, 'contributors_enabled': False, 'is_translator': False, 'is_translation_enabled': False, 'profile_background_color': 'F5F8FA', 'profile_background_image_url': None, 'profile_background_image_url_https': None, 'profile_background_tile': False, 'profile_image_url': 'http://pbs.twimg.com/profile_images/1096377035218391040/9z9uQYAO_normal.jpg', 'profile_image_url_https': 'https://pbs.twimg.com/profile_images/1096377035218391040/9z9uQYAO_normal.jpg', 'profile_link_color': '1DA1F2', 'profile_sidebar_border_color': 'C0DEED', 'profile_sidebar_fill_color': 'DDEEF6', 'profile_text_color': '333333', 'profile_use_background_image': True, 'has_extended_profile': True, 'default_profile': True, 'default_profile_image': False, 'following': False, 'follow_request_sent': False, 'notifications': False, 'translator_type': 'none', 'withheld_in_countries': []}, 'geo': None, 'coordinates': None, 'place': None, 'contributors': None, 'is_quote_status': False, 'retweet_count': 165, 'favorite_count': 575, 'favorited': False, 'retweeted': True, 'possibly_sensitive': False, 'lang': 'en'}",False,165,0,False,True,en,,False,,,
Mon Oct 04 22:08:35 +0000 2021,1445148872838418439,1445148872838418439,"RT @PLOS: How Open is your research?

Take our short quiz to find out your score and get tips on how you can develop your #OpenScience skil‚Ä¶",False,"{'hashtags': [{'text': 'OpenScience', 'indices': [122, 134]}], 'symbols': [], 'user_mentions': [{'screen_name': 'PLOS', 'name': 'PLOS', 'id': 12819112, 'id_str': '12819112', 'indices': [3, 8]}], 'urls': []}","<a href=""http://twitter.com/download/android"" rel=""nofollow"">Twitter for Android</a>",,,,,,"{'id': 106483037, 'id_str': '106483037', 'name': 'Juan C. Correa', 'screen_name': 'jcorrean', 'location': 'Bogot√°, D.C., Colombia', 'description': 'Interdisciplinary Scientist.', 'url': 'https://t.co/hYf59MSnom', 'entities': {'url': {'urls': [{'url': 'https://t.co/hYf59MSnom', 'expanded_url': 'https://correajc.com/', 'display_url': 'correajc.com', 'indices': [0, 23]}]}, 'description': {'urls': []}}, 'protected': False, 'followers_count': 317, 'friends_count': 103, 'listed_count': 2, 'created_at': 'Tue Jan 19 18:16:44 +0000 2010', 'favourites_count': 2327, 'utc_offset': None, 'time_zone': None, 'geo_enabled': True, 'verified': False, 'statuses_count': 1925, 'lang': None, 'contributors_enabled': False, 'is_translator': False, 'is_translation_enabled': False, 'profile_background_color': '000000', 'profile_background_image_url': 'http://abs.twimg.com/images/themes/theme1/bg.png', 'profile_background_image_url_https': 'https://abs.twimg.com/images/themes/theme1/bg.png', 'profile_background_tile': True, 'profile_image_url': 'http://pbs.twimg.com/profile_images/1449048000106401792/k1zKa9G5_normal.jpg', 'profile_image_url_https': 'https://pbs.twimg.com/profile_images/1449048000106401792/k1zKa9G5_normal.jpg', 'profile_banner_url': 'https://pbs.twimg.com/profile_banners/106483037/1560802656', 'profile_link_color': '194990', 'profile_sidebar_border_color': 'FFFFFF', 'profile_sidebar_fill_color': 'EFEFEF', 'profile_text_color': '333809', 'profile_use_background_image': True, 'has_extended_profile': False, 'default_profile': False, 'default_profile_image': False, 'following': False, 'follow_request_sent': False, 'notifications': False, 'translator_type': 'none', 'withheld_in_countries': []}",,,,,"{'created_at': 'Mon Oct 04 02:03:01 +0000 2021', 'id': 1444845480547082242, 'id_str': '1444845480547082242', 'text': 'How Open is your research?\n\nTake our short quiz to find out your score and get tips on how you can develop your‚Ä¶ https://t.co/ydX5EdzpUT', 'truncated': True, 'entities': {'hashtags': [], 'symbols': [], 'user_mentions': [], 'urls': [{'url': 'https://t.co/ydX5EdzpUT', 'expanded_url': 'https://twitter.com/i/web/status/1444845480547082242', 'display_url': 'twitter.com/i/web/status/1‚Ä¶', 'indices': [113, 136]}]}, 'source': '<a href=""https://sproutsocial.com"" rel=""nofollow"">Sprout Social</a>', 'in_reply_to_status_id': None, 'in_reply_to_status_id_str': None, 'in_reply_to_user_id': None, 'in_reply_to_user_id_str': None, 'in_reply_to_screen_name': None, 'user': {'id': 12819112, 'id_str': '12819112', 'name': 'PLOS', 'screen_name': 'PLOS', 'location': 'USA and UK', 'description': 'Breaking boundaries.\nEmpowering researchers.\nOpening Science.', 'url': 'http://t.co/kGXJfd0zdo', 'entities': {'url': {'urls': [{'url': 'http://t.co/kGXJfd0zdo', 'expanded_url': 'http://www.plos.org', 'display_url': 'plos.org', 'indices': [0, 22]}]}, 'description': {'urls': []}}, 'protected': False, 'followers_count': 157836, 'friends_count': 12971, 'listed_count': 4146, 'created_at': 'Tue Jan 29 07:27:17 +0000 2008', 'favourites_count': 3161, 'utc_offset': None, 'time_zone': None, 'geo_enabled': True, 'verified': True, 'statuses_count': 23916, 'lang': None, 'contributors_enabled': False, 'is_translator': False, 'is_translation_enabled': False, 'profile_background_color': '0A010A', 'profile_background_image_url': 'http://abs.twimg.com/images/themes/theme1/bg.png', 'profile_background_image_url_https': 'https://abs.twimg.com/images/themes/theme1/bg.png', 'profile_background_tile': False, 'profile_image_url': 'http://pbs.twimg.com/profile_images/1236032464860180480/be-IQdzW_normal.png', 'profile_image_url_https': 'https://pbs.twimg.com/profile_images/1236032464860180480/be-IQdzW_normal.png', 'profile_banner_url': 'https://pbs.twimg.com/profile_banners/12819112/1615914638', 'profile_link_color': '3B94D9', 'profile_sidebar_border_color': '000000', 'profile_sidebar_fill_color': 'DDEEF6', 'profile_text_color': '333333', 'profile_use_background_image': True, 'has_extended_profile': False, 'default_profile': False, 'default_profile_image': False, 'following': False, 'follow_request_sent': False, 'notifications': False, 'translator_type': 'none', 'withheld_in_countries': []}, 'geo': None, 'coordinates': None, 'place': None, 'contributors': None, 'is_quote_status': False, 'retweet_count': 10, 'favorite_count': 21, 'favorited': True, 'retweeted': True, 'possibly_sensitive': False, 'lang': 'en'}",False,10,0,True,True,en,,,,,
Sat Oct 02 17:59:19 +0000 2021,1444361366991777798,1444361366991777798,Interesante lectura https://t.co/ySpOgpinm8,False,"{'hashtags': [], 'symbols': [], 'user_mentions': [], 'urls': [{'url': 'https://t.co/ySpOgpinm8', 'expanded_url': 'https://twitter.com/isidroaguillo/status/1443964703601004545', 'display_url': 'twitter.com/isidroaguillo/‚Ä¶', 'indices': [20, 43]}]}","<a href=""http://twitter.com/download/android"" rel=""nofollow"">Twitter for Android</a>",,,,,,"{'id': 106483037, 'id_str': '106483037', 'name': 'Juan C. Correa', 'screen_name': 'jcorrean', 'location': 'Bogot√°, D.C., Colombia', 'description': 'Interdisciplinary Scientist.', 'url': 'https://t.co/hYf59MSnom', 'entities': {'url': {'urls': [{'url': 'https://t.co/hYf59MSnom', 'expanded_url': 'https://correajc.com/', 'display_url': 'correajc.com', 'indices': [0, 23]}]}, 'description': {'urls': []}}, 'protected': False, 'followers_count': 317, 'friends_count': 103, 'listed_count': 2, 'created_at': 'Tue Jan 19 18:16:44 +0000 2010', 'favourites_count': 2327, 'utc_offset': None, 'time_zone': None, 'geo_enabled': True, 'verified': False, 'statuses_count': 1925, 'lang': None, 'contributors_enabled': False, 'is_translator': False, 'is_translation_enabled': False, 'profile_background_color': '000000', 'profile_background_image_url': 'http://abs.twimg.com/images/themes/theme1/bg.png', 'profile_background_image_url_https': 'https://abs.twimg.com/images/themes/theme1/bg.png', 'profile_background_tile': True, 'profile_image_url': 'http://pbs.twimg.com/profile_images/1449048000106401792/k1zKa9G5_normal.jpg', 'profile_image_url_https': 'https://pbs.twimg.com/profile_images/1449048000106401792/k1zKa9G5_normal.jpg', 'profile_banner_url': 'https://pbs.twimg.com/profile_banners/106483037/1560802656', 'profile_link_color': '194990', 'profile_sidebar_border_color': 'FFFFFF', 'profile_sidebar_fill_color': 'EFEFEF', 'profile_text_color': '333809', 'profile_use_background_image': True, 'has_extended_profile': False, 'default_profile': False, 'default_profile_image': False, 'following': False, 'follow_request_sent': False, 'notifications': False, 'translator_type': 'none', 'withheld_in_countries': []}",,,,,,True,0,1,False,False,es,,False,1.4439647036010045e+18,1443964703601004545,"{'created_at': 'Fri Oct 01 15:43:07 +0000 2021', 'id': 1443964703601004545, 'id_str': '1443964703601004545', 'text': 'Consecuencias de seguir usando el factor de impacto. @Anecainfo \n1) Promociona revistas con altos precios\n2) Promoc‚Ä¶ https://t.co/hCG4VPw5nX', 'truncated': True, 'entities': {'hashtags': [], 'symbols': [], 'user_mentions': [{'screen_name': 'ANECAinfo', 'name': 'ANECA', 'id': 1427460212, 'id_str': '1427460212', 'indices': [53, 63]}], 'urls': [{'url': 'https://t.co/hCG4VPw5nX', 'expanded_url': 'https://twitter.com/i/web/status/1443964703601004545', 'display_url': 'twitter.com/i/web/status/1‚Ä¶', 'indices': [117, 140]}]}, 'source': '<a href=""http://twitter.com/download/android"" rel=""nofollow"">Twitter for Android</a>', 'in_reply_to_status_id': None, 'in_reply_to_status_id_str': None, 'in_reply_to_user_id': None, 'in_reply_to_user_id_str': None, 'in_reply_to_screen_name': None, 'user': {'id': 540098505, 'id_str': '540098505', 'name': 'Isidro F. Aguillo', 'screen_name': 'isidroaguillo', 'location': 'Madrid, Spain', 'description': 'CybermetricsLab IPP-CSIC. Webometrics Rankings. OpenScience. Scimago. 2DoctorHonorisCausa. Ornithology. #HaroCapitaldelRioja', 'url': 'https://t.co/NWag7T5LCc', 'entities': {'url': {'urls': [{'url': 'https://t.co/NWag7T5LCc', 'expanded_url': 'http://www.webometrics.info/', 'display_url': 'webometrics.info', 'indices': [0, 23]}]}, 'description': {'urls': []}}, 'protected': False, 'followers_count': 8047, 'friends_count': 5662, 'listed_count': 417, 'created_at': 'Thu Mar 29 14:18:35 +0000 2012', 'favourites_count': 9882, 'utc_offset': None, 'time_zone': None, 'geo_enabled': True, 'verified': False, 'statuses_count': 53420, 'lang': None, 'contributors_enabled': False, 'is_translator': False, 'is_translation_enabled': False, 'profile_background_color': 'C0DEED', 'profile_background_image_url': 'http://abs.twimg.com/images/themes/theme1/bg.png', 'profile_background_image_url_https': 'https://abs.twimg.com/images/themes/theme1/bg.png', 'profile_background_tile': False, 'profile_image_url': 'http://pbs.twimg.com/profile_images/1205946067541536768/83Uemqqm_normal.jpg', 'profile_image_url_https': 'https://pbs.twimg.com/profile_images/1205946067541536768/83Uemqqm_normal.jpg', 'profile_banner_url': 'https://pbs.twimg.com/profile_banners/540098505/1356882863', 'profile_link_color': '333333', 'profile_sidebar_border_color': 'FFFFFF', 'profile_sidebar_fill_color': '0DACF6', 'profile_text_color': '0084B4', 'profile_use_background_image': True, 'has_extended_profile': True, 'default_profile': False, 'default_profile_image': False, 'following': True, 'follow_request_sent': False, 'notifications': False, 'translator_type': 'none', 'withheld_in_countries': []}, 'geo': None, 'coordinates': None, 'place': None, 'contributors': None, 'is_quote_status': False, 'retweet_count': 31, 'favorite_count': 69, 'favorited': False, 'retweeted': False, 'lang': 'es'}"
Thu Sep 16 21:58:09 +0000 2021,1438623265866633222,1438623265866633222,https://t.co/Y9IHQIt6hB,False,"{'hashtags': [], 'symbols': [], 'user_mentions': [], 'urls': [{'url': 'https://t.co/Y9IHQIt6hB', 'expanded_url': 'https://inteligenciaartificial.gov.co/caracteristicas/', 'display_url': 'inteligenciaartificial.gov.co/caracteristica‚Ä¶', 'indices': [0, 23]}]}","<a href=""http://twitter.com/download/android"" rel=""nofollow"">Twitter for Android</a>",,,,,,"{'id': 106483037, 'id_str': '106483037', 'name': 'Juan C. Correa', 'screen_name': 'jcorrean', 'location': 'Bogot√°, D.C., Colombia', 'description': 'Interdisciplinary Scientist.', 'url': 'https://t.co/hYf59MSnom', 'entities': {'url': {'urls': [{'url': 'https://t.co/hYf59MSnom', 'expanded_url': 'https://correajc.com/', 'display_url': 'correajc.com', 'indices': [0, 23]}]}, 'description': {'urls': []}}, 'protected': False, 'followers_count': 317, 'friends_count': 103, 'listed_count': 2, 'created_at': 'Tue Jan 19 18:16:44 +0000 2010', 'favourites_count': 2327, 'utc_offset': None, 'time_zone': None, 'geo_enabled': True, 'verified': False, 'statuses_count': 1925, 'lang': None, 'contributors_enabled': False, 'is_translator': False, 'is_translation_enabled': False, 'profile_background_color': '000000', 'profile_background_image_url': 'http://abs.twimg.com/images/themes/theme1/bg.png', 'profile_background_image_url_https': 'https://abs.twimg.com/images/themes/theme1/bg.png', 'profile_background_tile': True, 'profile_image_url': 'http://pbs.twimg.com/profile_images/1449048000106401792/k1zKa9G5_normal.jpg', 'profile_image_url_https': 'https://pbs.twimg.com/profile_images/1449048000106401792/k1zKa9G5_normal.jpg', 'profile_banner_url': 'https://pbs.twimg.com/profile_banners/106483037/1560802656', 'profile_link_color': '194990', 'profile_sidebar_border_color': 'FFFFFF', 'profile_sidebar_fill_color': 'EFEFEF', 'profile_text_color': '333809', 'profile_use_background_image': True, 'has_extended_profile': False, 'default_profile': False, 'default_profile_image': False, 'following': False, 'follow_request_sent': False, 'notifications': False, 'translator_type': 'none', 'withheld_in_countries': []}",,,,,,False,1,1,False,False,und,,False,,,
Tue Sep 14 15:12:29 +0000 2021,1437796400163655685,1437796400163655685,"In our last paper, we revealed that the trust-sales relationship is not consistent at all in several Latin American‚Ä¶ https://t.co/OAyF345ah5",True,"{'hashtags': [], 'symbols': [], 'user_mentions': [], 'urls': [{'url': 'https://t.co/OAyF345ah5', 'expanded_url': 'https://twitter.com/i/web/status/1437796400163655685', 'display_url': 'twitter.com/i/web/status/1‚Ä¶', 'indices': [117, 140]}]}","<a href=""https://mobile.twitter.com"" rel=""nofollow"">Twitter Web App</a>",,,,,,"{'id': 106483037, 'id_str': '106483037', 'name': 'Juan C. Correa', 'screen_name': 'jcorrean', 'location': 'Bogot√°, D.C., Colombia', 'description': 'Interdisciplinary Scientist.', 'url': 'https://t.co/hYf59MSnom', 'entities': {'url': {'urls': [{'url': 'https://t.co/hYf59MSnom', 'expanded_url': 'https://correajc.com/', 'display_url': 'correajc.com', 'indices': [0, 23]}]}, 'description': {'urls': []}}, 'protected': False, 'followers_count': 317, 'friends_count': 103, 'listed_count': 2, 'created_at': 'Tue Jan 19 18:16:44 +0000 2010', 'favourites_count': 2327, 'utc_offset': None, 'time_zone': None, 'geo_enabled': True, 'verified': False, 'statuses_count': 1925, 'lang': None, 'contributors_enabled': False, 'is_translator': False, 'is_translation_enabled': False, 'profile_background_color': '000000', 'profile_background_image_url': 'http://abs.twimg.com/images/themes/theme1/bg.png', 'profile_background_image_url_https': 'https://abs.twimg.com/images/themes/theme1/bg.png', 'profile_background_tile': True, 'profile_image_url': 'http://pbs.twimg.com/profile_images/1449048000106401792/k1zKa9G5_normal.jpg', 'profile_image_url_https': 'https://pbs.twimg.com/profile_images/1449048000106401792/k1zKa9G5_normal.jpg', 'profile_banner_url': 'https://pbs.twimg.com/profile_banners/106483037/1560802656', 'profile_link_color': '194990', 'profile_sidebar_border_color': 'FFFFFF', 'profile_sidebar_fill_color': 'EFEFEF', 'profile_text_color': '333809', 'profile_use_background_image': True, 'has_extended_profile': False, 'default_profile': False, 'default_profile_image': False, 'following': False, 'follow_request_sent': False, 'notifications': False, 'translator_type': 'none', 'withheld_in_countries': []}",,,,,,False,1,2,True,False,en,,False,,,
Sat Sep 11 07:46:07 +0000 2021,1436596905283399685,1436596905283399685,The Consistency of Trust-Sales Relationship in Latin American E-Commerce https://t.co/0lhBHYrnok,False,"{'hashtags': [], 'symbols': [], 'user_mentions': [], 'urls': [{'url': 'https://t.co/0lhBHYrnok', 'expanded_url': 'https://www.tandfonline.com/doi/full/10.1080/15332861.2021.1975426', 'display_url': 'tandfonline.com/doi/full/10.10‚Ä¶', 'indices': [73, 96]}]}","<a href=""https://mobile.twitter.com"" rel=""nofollow"">Twitter Web App</a>",,,,,,"{'id': 106483037, 'id_str': '106483037', 'name': 'Juan C. Correa', 'screen_name': 'jcorrean', 'location': 'Bogot√°, D.C., Colombia', 'description': 'Interdisciplinary Scientist.', 'url': 'https://t.co/hYf59MSnom', 'entities': {'url': {'urls': [{'url': 'https://t.co/hYf59MSnom', 'expanded_url': 'https://correajc.com/', 'display_url': 'correajc.com', 'indices': [0, 23]}]}, 'description': {'urls': []}}, 'protected': False, 'followers_count': 317, 'friends_count': 103, 'listed_count': 2, 'created_at': 'Tue Jan 19 18:16:44 +0000 2010', 'favourites_count': 2327, 'utc_offset': None, 'time_zone': None, 'geo_enabled': True, 'verified': False, 'statuses_count': 1925, 'lang': None, 'contributors_enabled': False, 'is_translator': False, 'is_translation_enabled': False, 'profile_background_color': '000000', 'profile_background_image_url': 'http://abs.twimg.com/images/themes/theme1/bg.png', 'profile_background_image_url_https': 'https://abs.twimg.com/images/themes/theme1/bg.png', 'profile_background_tile': True, 'profile_image_url': 'http://pbs.twimg.com/profile_images/1449048000106401792/k1zKa9G5_normal.jpg', 'profile_image_url_https': 'https://pbs.twimg.com/profile_images/1449048000106401792/k1zKa9G5_normal.jpg', 'profile_banner_url': 'https://pbs.twimg.com/profile_banners/106483037/1560802656', 'profile_link_color': '194990', 'profile_sidebar_border_color': 'FFFFFF', 'profile_sidebar_fill_color': 'EFEFEF', 'profile_text_color': '333809', 'profile_use_background_image': True, 'has_extended_profile': False, 'default_profile': False, 'default_profile_image': False, 'following': False, 'follow_request_sent': False, 'notifications': False, 'translator_type': 'none', 'withheld_in_countries': []}",,,,,,False,0,1,True,False,en,,False,,,
Sat Sep 11 07:35:44 +0000 2021,1436594292236161030,1436594292236161030,"Our last paper presents new evidence on the relationship between Economic Complexity, Economic Growth, and CO2 Emis‚Ä¶ https://t.co/n4M8LCAyQL",True,"{'hashtags': [], 'symbols': [], 'user_mentions': [], 'urls': [{'url': 'https://t.co/n4M8LCAyQL', 'expanded_url': 'https://twitter.com/i/web/status/1436594292236161030', 'display_url': 'twitter.com/i/web/status/1‚Ä¶', 'indices': [117, 140]}]}","<a href=""https://mobile.twitter.com"" rel=""nofollow"">Twitter Web App</a>",,,,,,"{'id': 106483037, 'id_str': '106483037', 'name': 'Juan C. Correa', 'screen_name': 'jcorrean', 'location': 'Bogot√°, D.C., Colombia', 'description': 'Interdisciplinary Scientist.', 'url': 'https://t.co/hYf59MSnom', 'entities': {'url': {'urls': [{'url': 'https://t.co/hYf59MSnom', 'expanded_url': 'https://correajc.com/', 'display_url': 'correajc.com', 'indices': [0, 23]}]}, 'description': {'urls': []}}, 'protected': False, 'followers_count': 317, 'friends_count': 103, 'listed_count': 2, 'created_at': 'Tue Jan 19 18:16:44 +0000 2010', 'favourites_count': 2327, 'utc_offset': None, 'time_zone': None, 'geo_enabled': True, 'verified': False, 'statuses_count': 1925, 'lang': None, 'contributors_enabled': False, 'is_translator': False, 'is_translation_enabled': False, 'profile_background_color': '000000', 'profile_background_image_url': 'http://abs.twimg.com/images/themes/theme1/bg.png', 'profile_background_image_url_https': 'https://abs.twimg.com/images/themes/theme1/bg.png', 'profile_background_tile': True, 'profile_image_url': 'http://pbs.twimg.com/profile_images/1449048000106401792/k1zKa9G5_normal.jpg', 'profile_image_url_https': 'https://pbs.twimg.com/profile_images/1449048000106401792/k1zKa9G5_normal.jpg', 'profile_banner_url': 'https://pbs.twimg.com/profile_banners/106483037/1560802656', 'profile_link_color': '194990', 'profile_sidebar_border_color': 'FFFFFF', 'profile_sidebar_fill_color': 'EFEFEF', 'profile_text_color': '333809', 'profile_use_background_image': True, 'has_extended_profile': False, 'default_profile': False, 'default_profile_image': False, 'following': False, 'follow_request_sent': False, 'notifications': False, 'translator_type': 'none', 'withheld_in_countries': []}",,,,,,False,2,2,True,False,en,,False,,,
Tue Aug 24 04:43:08 +0000 2021,1430027875349110785,1430027875349110785,RT @hadleywickham: Major updates to all tidyverse cheat thanks to our intern @avperny. Download them now! #rstats https://t.co/9Nl4tX9F3d,False,"{'hashtags': [{'text': 'rstats', 'indices': [106, 113]}], 'symbols': [], 'user_mentions': [{'screen_name': 'hadleywickham', 'name': 'Hadley Wickham', 'id': 69133574, 'id_str': '69133574', 'indices': [3, 17]}, {'screen_name': 'avperny', 'name': 'Averi', 'id': 1424825981446021128, 'id_str': '1424825981446021128', 'indices': [77, 85]}], 'urls': [{'url': 'https://t.co/9Nl4tX9F3d', 'expanded_url': 'https://twitter.com/rstudio/status/1429920532187648015', 'display_url': 'twitter.com/rstudio/status‚Ä¶', 'indices': [114, 137]}]}","<a href=""https://mobile.twitter.com"" rel=""nofollow"">Twitter Web App</a>",,,,,,"{'id': 106483037, 'id_str': '106483037', 'name': 'Juan C. Correa', 'screen_name': 'jcorrean', 'location': 'Bogot√°, D.C., Colombia', 'description': 'Interdisciplinary Scientist.', 'url': 'https://t.co/hYf59MSnom', 'entities': {'url': {'urls': [{'url': 'https://t.co/hYf59MSnom', 'expanded_url': 'https://correajc.com/', 'display_url': 'correajc.com', 'indices': [0, 23]}]}, 'description': {'urls': []}}, 'protected': False, 'followers_count': 317, 'friends_count': 103, 'listed_count': 2, 'created_at': 'Tue Jan 19 18:16:44 +0000 2010', 'favourites_count': 2327, 'utc_offset': None, 'time_zone': None, 'geo_enabled': True, 'verified': False, 'statuses_count': 1925, 'lang': None, 'contributors_enabled': False, 'is_translator': False, 'is_translation_enabled': False, 'profile_background_color': '000000', 'profile_background_image_url': 'http://abs.twimg.com/images/themes/theme1/bg.png', 'profile_background_image_url_https': 'https://abs.twimg.com/images/themes/theme1/bg.png', 'profile_background_tile': True, 'profile_image_url': 'http://pbs.twimg.com/profile_images/1449048000106401792/k1zKa9G5_normal.jpg', 'profile_image_url_https': 'https://pbs.twimg.com/profile_images/1449048000106401792/k1zKa9G5_normal.jpg', 'profile_banner_url': 'https://pbs.twimg.com/profile_banners/106483037/1560802656', 'profile_link_color': '194990', 'profile_sidebar_border_color': 'FFFFFF', 'profile_sidebar_fill_color': 'EFEFEF', 'profile_text_color': '333809', 'profile_use_background_image': True, 'has_extended_profile': False, 'default_profile': False, 'default_profile_image': False, 'following': False, 'follow_request_sent': False, 'notifications': False, 'translator_type': 'none', 'withheld_in_countries': []}",,,,,"{'created_at': 'Mon Aug 23 22:36:02 +0000 2021', 'id': 1429935490283839490, 'id_str': '1429935490283839490', 'text': 'Major updates to all tidyverse cheat thanks to our intern @avperny. Download them now! #rstats https://t.co/9Nl4tX9F3d', 'truncated': False, 'entities': {'hashtags': [{'text': 'rstats', 'indices': [87, 94]}], 'symbols': [], 'user_mentions': [{'screen_name': 'avperny', 'name': 'Averi', 'id': 1424825981446021128, 'id_str': '1424825981446021128', 'indices': [58, 66]}], 'urls': [{'url': 'https://t.co/9Nl4tX9F3d', 'expanded_url': 'https://twitter.com/rstudio/status/1429920532187648015', 'display_url': 'twitter.com/rstudio/status‚Ä¶', 'indices': [95, 118]}]}, 'source': '<a href=""https://mobile.twitter.com"" rel=""nofollow"">Twitter Web App</a>', 'in_reply_to_status_id': None, 'in_reply_to_status_id_str': None, 'in_reply_to_user_id': None, 'in_reply_to_user_id_str': None, 'in_reply_to_screen_name': None, 'user': {'id': 69133574, 'id_str': '69133574', 'name': 'Hadley Wickham', 'screen_name': 'hadleywickham', 'location': 'Houston, TX', 'description': 'R, data, visualisation, üêï, üç∏, üåà. He/him', 'url': 'https://t.co/DWqWlxbOKK', 'entities': {'url': {'urls': [{'url': 'https://t.co/DWqWlxbOKK', 'expanded_url': 'http://hadley.nz', 'display_url': 'hadley.nz', 'indices': [0, 23]}]}, 'description': {'urls': []}}, 'protected': False, 'followers_count': 126454, 'friends_count': 279, 'listed_count': 3083, 'created_at': 'Wed Aug 26 23:34:46 +0000 2009', 'favourites_count': 25276, 'utc_offset': None, 'time_zone': None, 'geo_enabled': True, 'verified': True, 'statuses_count': 41318, 'lang': None, 'contributors_enabled': False, 'is_translator': False, 'is_translation_enabled': False, 'profile_background_color': '022330', 'profile_background_image_url': 'http://abs.twimg.com/images/themes/theme15/bg.png', 'profile_background_image_url_https': 'https://abs.twimg.com/images/themes/theme15/bg.png', 'profile_background_tile': False, 'profile_image_url': 'http://pbs.twimg.com/profile_images/905186381995147264/7zKAG5sY_normal.jpg', 'profile_image_url_https': 'https://pbs.twimg.com/profile_images/905186381995147264/7zKAG5sY_normal.jpg', 'profile_banner_url': 'https://pbs.twimg.com/profile_banners/69133574/1404410942', 'profile_link_color': '0084B4', 'profile_sidebar_border_color': 'A8C7F7', 'profile_sidebar_fill_color': 'C0DFEC', 'profile_text_color': '333333', 'profile_use_background_image': True, 'has_extended_profile': True, 'default_profile': False, 'default_profile_image': False, 'following': True, 'follow_request_sent': False, 'notifications': False, 'translator_type': 'none', 'withheld_in_countries': []}, 'geo': None, 'coordinates': None, 'place': None, 'contributors': None, 'is_quote_status': True, 'quoted_status_id': 1429920532187648015, 'quoted_status_id_str': '1429920532187648015', 'quoted_status': {'created_at': 'Mon Aug 23 21:36:36 +0000 2021', 'id': 1429920532187648015, 'id_str': '1429920532187648015', 'text': 'RStudio Cheatsheet Updates\n‚¨¢ @avperny writes about the many RStudio cheatsheets that have been updated or reworked‚Ä¶ https://t.co/hBYZAz5n45', 'truncated': True, 'entities': {'hashtags': [], 'symbols': [], 'user_mentions': [{'screen_name': 'avperny', 'name': 'Averi', 'id': 1424825981446021128, 'id_str': '1424825981446021128', 'indices': [29, 37]}], 'urls': [{'url': 'https://t.co/hBYZAz5n45', 'expanded_url': 'https://twitter.com/i/web/status/1429920532187648015', 'display_url': 'twitter.com/i/web/status/1‚Ä¶', 'indices': [116, 139]}]}, 'source': '<a href=""https://mobile.twitter.com"" rel=""nofollow"">Twitter Web App</a>', 'in_reply_to_status_id': None, 'in_reply_to_status_id_str': None, 'in_reply_to_user_id': None, 'in_reply_to_user_id_str': None, 'in_reply_to_screen_name': None, 'user': {'id': 235261861, 'id_str': '235261861', 'name': 'RStudio', 'screen_name': 'rstudio', 'location': 'Boston', 'description': 'Open source and enterprise-ready professional software for data science teams using R and Python.', 'url': 'http://t.co/sNW3mienR9', 'entities': {'url': {'urls': [{'url': 'http://t.co/sNW3mienR9', 'expanded_url': 'http://www.rstudio.com', 'display_url': 'rstudio.com', 'indices': [0, 22]}]}, 'description': {'urls': []}}, 'protected': False, 'followers_count': 123453, 'friends_count': 630, 'listed_count': 2125, 'created_at': 'Fri Jan 07 19:13:28 +0000 2011', 'favourites_count': 2711, 'utc_offset': None, 'time_zone': None, 'geo_enabled': False, 'verified': False, 'statuses_count': 2796, 'lang': None, 'contributors_enabled': False, 'is_translator': False, 'is_translation_enabled': False, 'profile_background_color': 'C3C3C3', 'profile_background_image_url': 'http://abs.twimg.com/images/themes/theme15/bg.png', 'profile_background_image_url_https': 'https://abs.twimg.com/images/themes/theme15/bg.png', 'profile_background_tile': False, 'profile_image_url': 'http://pbs.twimg.com/profile_images/1273974016265486349/qghv719Z_normal.jpg', 'profile_image_url_https': 'https://pbs.twimg.com/profile_images/1273974016265486349/qghv719Z_normal.jpg', 'profile_banner_url': 'https://pbs.twimg.com/profile_banners/235261861/1592573564', 'profile_link_color': '4D8DC9', 'profile_sidebar_border_color': 'FFFFFF', 'profile_sidebar_fill_color': 'C0DFEC', 'profile_text_color': '333333', 'profile_use_background_image': False, 'has_extended_profile': False, 'default_profile': False, 'default_profile_image': False, 'following': False, 'follow_request_sent': False, 'notifications': False, 'translator_type': 'none', 'withheld_in_countries': []}, 'geo': None, 'coordinates': None, 'place': None, 'contributors': None, 'is_quote_status': False, 'retweet_count': 332, 'favorite_count': 1147, 'favorited': False, 'retweeted': False, 'possibly_sensitive': False, 'lang': 'en'}, 'retweet_count': 243, 'favorite_count': 1298, 'favorited': True, 'retweeted': True, 'possibly_sensitive': False, 'lang': 'en'}",True,243,0,True,True,en,,False,1.429920532187648e+18,1429920532187648015,
Fri Aug 20 15:00:53 +0000 2021,1428733783130484738,1428733783130484738,"RT @BibliometraF: The Invisible Citation Commons.

https://t.co/yiRPM0GdNj",False,"{'hashtags': [], 'symbols': [], 'user_mentions': [{'screen_name': 'BibliometraF', 'name': 'Bibli√≥metra furiosa', 'id': 2784520123, 'id_str': '2784520123', 'indices': [3, 16]}], 'urls': [{'url': 'https://t.co/yiRPM0GdNj', 'expanded_url': 'https://commonplace.knowledgefutures.org/pub/w88y7brs/release/2', 'display_url': 'commonplace.knowledgefutures.org/pub/w88y7brs/r‚Ä¶', 'indices': [51, 74]}]}","<a href=""http://twitter.com/download/android"" rel=""nofollow"">Twitter for Android</a>",,,,,,"{'id': 106483037, 'id_str': '106483037', 'name': 'Juan C. Correa', 'screen_name': 'jcorrean', 'location': 'Bogot√°, D.C., Colombia', 'description': 'Interdisciplinary Scientist.', 'url': 'https://t.co/hYf59MSnom', 'entities': {'url': {'urls': [{'url': 'https://t.co/hYf59MSnom', 'expanded_url': 'https://correajc.com/', 'display_url': 'correajc.com', 'indices': [0, 23]}]}, 'description': {'urls': []}}, 'protected': False, 'followers_count': 317, 'friends_count': 103, 'listed_count': 2, 'created_at': 'Tue Jan 19 18:16:44 +0000 2010', 'favourites_count': 2327, 'utc_offset': None, 'time_zone': None, 'geo_enabled': True, 'verified': False, 'statuses_count': 1925, 'lang': None, 'contributors_enabled': False, 'is_translator': False, 'is_translation_enabled': False, 'profile_background_color': '000000', 'profile_background_image_url': 'http://abs.twimg.com/images/themes/theme1/bg.png', 'profile_background_image_url_https': 'https://abs.twimg.com/images/themes/theme1/bg.png', 'profile_background_tile': True, 'profile_image_url': 'http://pbs.twimg.com/profile_images/1449048000106401792/k1zKa9G5_normal.jpg', 'profile_image_url_https': 'https://pbs.twimg.com/profile_images/1449048000106401792/k1zKa9G5_normal.jpg', 'profile_banner_url': 'https://pbs.twimg.com/profile_banners/106483037/1560802656', 'profile_link_color': '194990', 'profile_sidebar_border_color': 'FFFFFF', 'profile_sidebar_fill_color': 'EFEFEF', 'profile_text_color': '333809', 'profile_use_background_image': True, 'has_extended_profile': False, 'default_profile': False, 'default_profile_image': False, 'following': False, 'follow_request_sent': False, 'notifications': False, 'translator_type': 'none', 'withheld_in_countries': []}",,,,,"{'created_at': 'Fri Aug 20 07:17:17 +0000 2021', 'id': 1428617115418890242, 'id_str': '1428617115418890242', 'text': 'The Invisible Citation Commons.\n\nhttps://t.co/yiRPM0GdNj', 'truncated': False, 'entities': {'hashtags': [], 'symbols': [], 'user_mentions': [], 'urls': [{'url': 'https://t.co/yiRPM0GdNj', 'expanded_url': 'https://commonplace.knowledgefutures.org/pub/w88y7brs/release/2', 'display_url': 'commonplace.knowledgefutures.org/pub/w88y7brs/r‚Ä¶', 'indices': [33, 56]}]}, 'source': '<a href=""https://mobile.twitter.com"" rel=""nofollow"">Twitter Web App</a>', 'in_reply_to_status_id': None, 'in_reply_to_status_id_str': None, 'in_reply_to_user_id': None, 'in_reply_to_user_id_str': None, 'in_reply_to_screen_name': None, 'user': {'id': 2784520123, 'id_str': '2784520123', 'name': 'Bibli√≥metra furiosa', 'screen_name': 'BibliometraF', 'location': '', 'description': 'Bibliometrics, Scientometrics, Academic Libraries, University Rankings, Predatory Publishers, Research Assessment.', 'url': None, 'entities': {'description': {'urls': []}}, 'protected': False, 'followers_count': 552, 'friends_count': 905, 'listed_count': 16, 'created_at': 'Mon Sep 01 18:04:55 +0000 2014', 'favourites_count': 85, 'utc_offset': None, 'time_zone': None, 'geo_enabled': False, 'verified': False, 'statuses_count': 1462, 'lang': None, 'contributors_enabled': False, 'is_translator': False, 'is_translation_enabled': False, 'profile_background_color': 'C0DEED', 'profile_background_image_url': 'http://abs.twimg.com/images/themes/theme1/bg.png', 'profile_background_image_url_https': 'https://abs.twimg.com/images/themes/theme1/bg.png', 'profile_background_tile': False, 'profile_image_url': 'http://pbs.twimg.com/profile_images/1205517592590458880/Dws6Hm7v_normal.jpg', 'profile_image_url_https': 'https://pbs.twimg.com/profile_images/1205517592590458880/Dws6Hm7v_normal.jpg', 'profile_banner_url': 'https://pbs.twimg.com/profile_banners/2784520123/1601390063', 'profile_link_color': '1DA1F2', 'profile_sidebar_border_color': 'C0DEED', 'profile_sidebar_fill_color': 'DDEEF6', 'profile_text_color': '333333', 'profile_use_background_image': True, 'has_extended_profile': False, 'default_profile': True, 'default_profile_image': False, 'following': False, 'follow_request_sent': False, 'notifications': False, 'translator_type': 'none', 'withheld_in_countries': []}, 'geo': None, 'coordinates': None, 'place': None, 'contributors': None, 'is_quote_status': False, 'retweet_count': 5, 'favorite_count': 8, 'favorited': True, 'retweeted': True, 'possibly_sensitive': False, 'lang': 'en'}",False,5,0,True,True,en,,False,,,
Wed Aug 18 18:59:15 +0000 2021,1428068993894686723,1428068993894686723,RT @Piniisima: La evidencia m√°s s√≥lida de como trasciende un tuit de una red social poca representativa a una red nacional significativa; l‚Ä¶,False,"{'hashtags': [], 'symbols': [], 'user_mentions': [{'screen_name': 'Piniisima', 'name': 'Carlos Pi√±a', 'id': 227794959, 'id_str': '227794959', 'indices': [3, 13]}], 'urls': []}","<a href=""http://twitter.com/download/android"" rel=""nofollow"">Twitter for Android</a>",,,,,,"{'id': 106483037, 'id_str': '106483037', 'name': 'Juan C. Correa', 'screen_name': 'jcorrean', 'location': 'Bogot√°, D.C., Colombia', 'description': 'Interdisciplinary Scientist.', 'url': 'https://t.co/hYf59MSnom', 'entities': {'url': {'urls': [{'url': 'https://t.co/hYf59MSnom', 'expanded_url': 'https://correajc.com/', 'display_url': 'correajc.com', 'indices': [0, 23]}]}, 'description': {'urls': []}}, 'protected': False, 'followers_count': 317, 'friends_count': 103, 'listed_count': 2, 'created_at': 'Tue Jan 19 18:16:44 +0000 2010', 'favourites_count': 2327, 'utc_offset': None, 'time_zone': None, 'geo_enabled': True, 'verified': False, 'statuses_count': 1925, 'lang': None, 'contributors_enabled': False, 'is_translator': False, 'is_translation_enabled': False, 'profile_background_color': '000000', 'profile_background_image_url': 'http://abs.twimg.com/images/themes/theme1/bg.png', 'profile_background_image_url_https': 'https://abs.twimg.com/images/themes/theme1/bg.png', 'profile_background_tile': True, 'profile_image_url': 'http://pbs.twimg.com/profile_images/1449048000106401792/k1zKa9G5_normal.jpg', 'profile_image_url_https': 'https://pbs.twimg.com/profile_images/1449048000106401792/k1zKa9G5_normal.jpg', 'profile_banner_url': 'https://pbs.twimg.com/profile_banners/106483037/1560802656', 'profile_link_color': '194990', 'profile_sidebar_border_color': 'FFFFFF', 'profile_sidebar_fill_color': 'EFEFEF', 'profile_text_color': '333809', 'profile_use_background_image': True, 'has_extended_profile': False, 'default_profile': False, 'default_profile_image': False, 'following': False, 'follow_request_sent': False, 'notifications': False, 'translator_type': 'none', 'withheld_in_countries': []}",,,,,"{'created_at': 'Wed Aug 18 18:40:00 +0000 2021', 'id': 1428064149628674049, 'id_str': '1428064149628674049', 'text': 'La evidencia m√°s s√≥lida de como trasciende un tuit de una red social poca representativa a una red nacional signifi‚Ä¶ https://t.co/80xMSjv9No', 'truncated': True, 'entities': {'hashtags': [], 'symbols': [], 'user_mentions': [], 'urls': [{'url': 'https://t.co/80xMSjv9No', 'expanded_url': 'https://twitter.com/i/web/status/1428064149628674049', 'display_url': 'twitter.com/i/web/status/1‚Ä¶', 'indices': [117, 140]}]}, 'source': '<a href=""https://mobile.twitter.com"" rel=""nofollow"">Twitter Web App</a>', 'in_reply_to_status_id': None, 'in_reply_to_status_id_str': None, 'in_reply_to_user_id': None, 'in_reply_to_user_id_str': None, 'in_reply_to_screen_name': None, 'user': {'id': 227794959, 'id_str': '227794959', 'name': 'Carlos Pi√±a', 'screen_name': 'Piniisima', 'location': 'M√©xico', 'description': 'Data Scientist & Data Analyst üíª\nSocial Network Analysis & Data Science üìà üìä\nPostdoc at IIMAS @IIMAS_UNAM üá≤üáΩ\nPh.D. in Computer Science @Uni_of_Essex üá¨üáß', 'url': None, 'entities': {'description': {'urls': []}}, 'protected': False, 'followers_count': 14731, 'friends_count': 347, 'listed_count': 177, 'created_at': 'Fri Dec 17 20:53:31 +0000 2010', 'favourites_count': 6644, 'utc_offset': None, 'time_zone': None, 'geo_enabled': False, 'verified': False, 'statuses_count': 2715, 'lang': None, 'contributors_enabled': False, 'is_translator': False, 'is_translation_enabled': False, 'profile_background_color': '000000', 'profile_background_image_url': 'http://abs.twimg.com/images/themes/theme1/bg.png', 'profile_background_image_url_https': 'https://abs.twimg.com/images/themes/theme1/bg.png', 'profile_background_tile': False, 'profile_image_url': 'http://pbs.twimg.com/profile_images/854056120108802048/z6pVLvKE_normal.jpg', 'profile_image_url_https': 'https://pbs.twimg.com/profile_images/854056120108802048/z6pVLvKE_normal.jpg', 'profile_banner_url': 'https://pbs.twimg.com/profile_banners/227794959/1603132585', 'profile_link_color': '3B94D9', 'profile_sidebar_border_color': '000000', 'profile_sidebar_fill_color': '000000', 'profile_text_color': '000000', 'profile_use_background_image': True, 'has_extended_profile': True, 'default_profile': False, 'default_profile_image': False, 'following': True, 'follow_request_sent': False, 'notifications': False, 'translator_type': 'none', 'withheld_in_countries': []}, 'geo': None, 'coordinates': None, 'place': None, 'contributors': None, 'is_quote_status': False, 'retweet_count': 55, 'favorite_count': 220, 'favorited': True, 'retweeted': True, 'lang': 'es'}",False,55,0,True,True,es,,,,,
Wed Aug 18 18:58:48 +0000 2021,1428068882267484160,1428068882267484160,"RT @Marek_Kwiek: A reliable bibliometric picture of the post-Soviet world in science, 15 countries. Interesting!

https://t.co/5mRdWNCdDN",False,"{'hashtags': [], 'symbols': [], 'user_mentions': [{'screen_name': 'Marek_Kwiek', 'name': 'Marek Kwiek', 'id': 831815461956419584, 'id_str': '831815461956419584', 'indices': [3, 15]}], 'urls': [{'url': 'https://t.co/5mRdWNCdDN', 'expanded_url': 'https://link.springer.com/article/10.1007%2Fs11192-021-04124-5', 'display_url': 'link.springer.com/article/10.100‚Ä¶', 'indices': [114, 137]}]}","<a href=""http://twitter.com/download/android"" rel=""nofollow"">Twitter for Android</a>",,,,,,"{'id': 106483037, 'id_str': '106483037', 'name': 'Juan C. Correa', 'screen_name': 'jcorrean', 'location': 'Bogot√°, D.C., Colombia', 'description': 'Interdisciplinary Scientist.', 'url': 'https://t.co/hYf59MSnom', 'entities': {'url': {'urls': [{'url': 'https://t.co/hYf59MSnom', 'expanded_url': 'https://correajc.com/', 'display_url': 'correajc.com', 'indices': [0, 23]}]}, 'description': {'urls': []}}, 'protected': False, 'followers_count': 317, 'friends_count': 103, 'listed_count': 2, 'created_at': 'Tue Jan 19 18:16:44 +0000 2010', 'favourites_count': 2327, 'utc_offset': None, 'time_zone': None, 'geo_enabled': True, 'verified': False, 'statuses_count': 1925, 'lang': None, 'contributors_enabled': False, 'is_translator': False, 'is_translation_enabled': False, 'profile_background_color': '000000', 'profile_background_image_url': 'http://abs.twimg.com/images/themes/theme1/bg.png', 'profile_background_image_url_https': 'https://abs.twimg.com/images/themes/theme1/bg.png', 'profile_background_tile': True, 'profile_image_url': 'http://pbs.twimg.com/profile_images/1449048000106401792/k1zKa9G5_normal.jpg', 'profile_image_url_https': 'https://pbs.twimg.com/profile_images/1449048000106401792/k1zKa9G5_normal.jpg', 'profile_banner_url': 'https://pbs.twimg.com/profile_banners/106483037/1560802656', 'profile_link_color': '194990', 'profile_sidebar_border_color': 'FFFFFF', 'profile_sidebar_fill_color': 'EFEFEF', 'profile_text_color': '333809', 'profile_use_background_image': True, 'has_extended_profile': False, 'default_profile': False, 'default_profile_image': False, 'following': False, 'follow_request_sent': False, 'notifications': False, 'translator_type': 'none', 'withheld_in_countries': []}",,,,,"{'created_at': 'Wed Aug 18 16:31:06 +0000 2021', 'id': 1428031713591111699, 'id_str': '1428031713591111699', 'text': 'A reliable bibliometric picture of the post-Soviet world in science, 15 countries. Interesting!\n\nhttps://t.co/5mRdWNCdDN', 'truncated': False, 'entities': {'hashtags': [], 'symbols': [], 'user_mentions': [], 'urls': [{'url': 'https://t.co/5mRdWNCdDN', 'expanded_url': 'https://link.springer.com/article/10.1007%2Fs11192-021-04124-5', 'display_url': 'link.springer.com/article/10.100‚Ä¶', 'indices': [97, 120]}]}, 'source': '<a href=""http://twitter.com/download/android"" rel=""nofollow"">Twitter for Android</a>', 'in_reply_to_status_id': None, 'in_reply_to_status_id_str': None, 'in_reply_to_user_id': None, 'in_reply_to_user_id_str': None, 'in_reply_to_screen_name': None, 'user': {'id': 831815461956419584, 'id_str': '831815461956419584', 'name': 'Marek Kwiek', 'screen_name': 'Marek_Kwiek', 'location': 'Poznan, Poland', 'description': 'Quantitative Science Studies | Global Academic Profession Studies | UNESCO Chair | Academia Europaea | Author ""Changing European Academics"" (Routledge 2019)', 'url': 'https://t.co/19p6YZuCnH', 'entities': {'url': {'urls': [{'url': 'https://t.co/19p6YZuCnH', 'expanded_url': 'http://cpp.amu.edu.pl/marek-kwiek/', 'display_url': 'cpp.amu.edu.pl/marek-kwiek/', 'indices': [0, 23]}]}, 'description': {'urls': []}}, 'protected': False, 'followers_count': 3082, 'friends_count': 1695, 'listed_count': 24, 'created_at': 'Wed Feb 15 10:40:35 +0000 2017', 'favourites_count': 2907, 'utc_offset': None, 'time_zone': None, 'geo_enabled': False, 'verified': False, 'statuses_count': 2791, 'lang': None, 'contributors_enabled': False, 'is_translator': False, 'is_translation_enabled': False, 'profile_background_color': 'F5F8FA', 'profile_background_image_url': None, 'profile_background_image_url_https': None, 'profile_background_tile': False, 'profile_image_url': 'http://pbs.twimg.com/profile_images/1233478851667415045/9bladplv_normal.jpg', 'profile_image_url_https': 'https://pbs.twimg.com/profile_images/1233478851667415045/9bladplv_normal.jpg', 'profile_banner_url': 'https://pbs.twimg.com/profile_banners/831815461956419584/1612354522', 'profile_link_color': '1DA1F2', 'profile_sidebar_border_color': 'C0DEED', 'profile_sidebar_fill_color': 'DDEEF6', 'profile_text_color': '333333', 'profile_use_background_image': True, 'has_extended_profile': True, 'default_profile': True, 'default_profile_image': False, 'following': False, 'follow_request_sent': False, 'notifications': False, 'translator_type': 'none', 'withheld_in_countries': []}, 'geo': None, 'coordinates': None, 'place': None, 'contributors': None, 'is_quote_status': False, 'retweet_count': 6, 'favorite_count': 10, 'favorited': True, 'retweeted': True, 'possibly_sensitive': False, 'lang': 'en'}",False,6,0,True,True,en,,False,,,
Wed Aug 18 15:39:07 +0000 2021,1428018632676847627,1428018632676847627,"El pr√≥ximo 21 de Septiembre de 2021, estar√© encantado de compartir algunas ideas en el Primer Simposio Internaciona‚Ä¶ https://t.co/5URHkveoTS",True,"{'hashtags': [], 'symbols': [], 'user_mentions': [], 'urls': [{'url': 'https://t.co/5URHkveoTS', 'expanded_url': 'https://twitter.com/i/web/status/1428018632676847627', 'display_url': 'twitter.com/i/web/status/1‚Ä¶', 'indices': [117, 140]}]}","<a href=""https://mobile.twitter.com"" rel=""nofollow"">Twitter Web App</a>",,,,,,"{'id': 106483037, 'id_str': '106483037', 'name': 'Juan C. Correa', 'screen_name': 'jcorrean', 'location': 'Bogot√°, D.C., Colombia', 'description': 'Interdisciplinary Scientist.', 'url': 'https://t.co/hYf59MSnom', 'entities': {'url': {'urls': [{'url': 'https://t.co/hYf59MSnom', 'expanded_url': 'https://correajc.com/', 'display_url': 'correajc.com', 'indices': [0, 23]}]}, 'description': {'urls': []}}, 'protected': False, 'followers_count': 317, 'friends_count': 103, 'listed_count': 2, 'created_at': 'Tue Jan 19 18:16:44 +0000 2010', 'favourites_count': 2327, 'utc_offset': None, 'time_zone': None, 'geo_enabled': True, 'verified': False, 'statuses_count': 1925, 'lang': None, 'contributors_enabled': False, 'is_translator': False, 'is_translation_enabled': False, 'profile_background_color': '000000', 'profile_background_image_url': 'http://abs.twimg.com/images/themes/theme1/bg.png', 'profile_background_image_url_https': 'https://abs.twimg.com/images/themes/theme1/bg.png', 'profile_background_tile': True, 'profile_image_url': 'http://pbs.twimg.com/profile_images/1449048000106401792/k1zKa9G5_normal.jpg', 'profile_image_url_https': 'https://pbs.twimg.com/profile_images/1449048000106401792/k1zKa9G5_normal.jpg', 'profile_banner_url': 'https://pbs.twimg.com/profile_banners/106483037/1560802656', 'profile_link_color': '194990', 'profile_sidebar_border_color': 'FFFFFF', 'profile_sidebar_fill_color': 'EFEFEF', 'profile_text_color': '333809', 'profile_use_background_image': True, 'has_extended_profile': False, 'default_profile': False, 'default_profile_image': False, 'following': False, 'follow_request_sent': False, 'notifications': False, 'translator_type': 'none', 'withheld_in_countries': []}",,,,,,False,0,0,False,False,es,,False,,,
Tue Aug 17 12:43:05 +0000 2021,1427611942173253634,1427611942173253634,"RT @RibeiroHV: Our work ""Association between productivity and journal impact across disciplines and career age"" has just been accepted for‚Ä¶",False,"{'hashtags': [], 'symbols': [], 'user_mentions': [{'screen_name': 'RibeiroHV', 'name': 'Haroldo V. Ribeiro', 'id': 120814510, 'id_str': '120814510', 'indices': [3, 13]}], 'urls': []}","<a href=""http://twitter.com/download/android"" rel=""nofollow"">Twitter for Android</a>",,,,,,"{'id': 106483037, 'id_str': '106483037', 'name': 'Juan C. Correa', 'screen_name': 'jcorrean', 'location': 'Bogot√°, D.C., Colombia', 'description': 'Interdisciplinary Scientist.', 'url': 'https://t.co/hYf59MSnom', 'entities': {'url': {'urls': [{'url': 'https://t.co/hYf59MSnom', 'expanded_url': 'https://correajc.com/', 'display_url': 'correajc.com', 'indices': [0, 23]}]}, 'description': {'urls': []}}, 'protected': False, 'followers_count': 317, 'friends_count': 103, 'listed_count': 2, 'created_at': 'Tue Jan 19 18:16:44 +0000 2010', 'favourites_count': 2327, 'utc_offset': None, 'time_zone': None, 'geo_enabled': True, 'verified': False, 'statuses_count': 1925, 'lang': None, 'contributors_enabled': False, 'is_translator': False, 'is_translation_enabled': False, 'profile_background_color': '000000', 'profile_background_image_url': 'http://abs.twimg.com/images/themes/theme1/bg.png', 'profile_background_image_url_https': 'https://abs.twimg.com/images/themes/theme1/bg.png', 'profile_background_tile': True, 'profile_image_url': 'http://pbs.twimg.com/profile_images/1449048000106401792/k1zKa9G5_normal.jpg', 'profile_image_url_https': 'https://pbs.twimg.com/profile_images/1449048000106401792/k1zKa9G5_normal.jpg', 'profile_banner_url': 'https://pbs.twimg.com/profile_banners/106483037/1560802656', 'profile_link_color': '194990', 'profile_sidebar_border_color': 'FFFFFF', 'profile_sidebar_fill_color': 'EFEFEF', 'profile_text_color': '333809', 'profile_use_background_image': True, 'has_extended_profile': False, 'default_profile': False, 'default_profile_image': False, 'following': False, 'follow_request_sent': False, 'notifications': False, 'translator_type': 'none', 'withheld_in_countries': []}",,,,,"{'created_at': 'Mon Aug 09 11:22:47 +0000 2021', 'id': 1424692631435624450, 'id_str': '1424692631435624450', 'text': 'Our work ""Association between productivity and journal impact across disciplines and career age"" has just been acce‚Ä¶ https://t.co/cJnnLXh6yB', 'truncated': True, 'entities': {'hashtags': [], 'symbols': [], 'user_mentions': [], 'urls': [{'url': 'https://t.co/cJnnLXh6yB', 'expanded_url': 'https://twitter.com/i/web/status/1424692631435624450', 'display_url': 'twitter.com/i/web/status/1‚Ä¶', 'indices': [117, 140]}]}, 'source': '<a href=""https://mobile.twitter.com"" rel=""nofollow"">Twitter Web App</a>', 'in_reply_to_status_id': None, 'in_reply_to_status_id_str': None, 'in_reply_to_user_id': None, 'in_reply_to_user_id_str': None, 'in_reply_to_screen_name': None, 'user': {'id': 120814510, 'id_str': '120814510', 'name': 'Haroldo V. Ribeiro', 'screen_name': 'RibeiroHV', 'location': 'Maring√°, Brazil', 'description': ""I'm playing with complex systems."", 'url': 'http://t.co/ildtad8ldw', 'entities': {'url': {'urls': [{'url': 'http://t.co/ildtad8ldw', 'expanded_url': 'http://hvribeiro.org', 'display_url': 'hvribeiro.org', 'indices': [0, 22]}]}, 'description': {'urls': []}}, 'protected': False, 'followers_count': 312, 'friends_count': 305, 'listed_count': 8, 'created_at': 'Sun Mar 07 16:52:17 +0000 2010', 'favourites_count': 1369, 'utc_offset': None, 'time_zone': None, 'geo_enabled': True, 'verified': False, 'statuses_count': 1067, 'lang': None, 'contributors_enabled': False, 'is_translator': False, 'is_translation_enabled': False, 'profile_background_color': '000000', 'profile_background_image_url': 'http://abs.twimg.com/images/themes/theme14/bg.gif', 'profile_background_image_url_https': 'https://abs.twimg.com/images/themes/theme14/bg.gif', 'profile_background_tile': True, 'profile_image_url': 'http://pbs.twimg.com/profile_images/1066031242850852864/mcjNy-OP_normal.jpg', 'profile_image_url_https': 'https://pbs.twimg.com/profile_images/1066031242850852864/mcjNy-OP_normal.jpg', 'profile_banner_url': 'https://pbs.twimg.com/profile_banners/120814510/1399308262', 'profile_link_color': '1F39DE', 'profile_sidebar_border_color': '000000', 'profile_sidebar_fill_color': 'C2CCFF', 'profile_text_color': '333333', 'profile_use_background_image': True, 'has_extended_profile': True, 'default_profile': False, 'default_profile_image': False, 'following': False, 'follow_request_sent': False, 'notifications': False, 'translator_type': 'none', 'withheld_in_countries': []}, 'geo': None, 'coordinates': None, 'place': None, 'contributors': None, 'is_quote_status': False, 'retweet_count': 3, 'favorite_count': 10, 'favorited': True, 'retweeted': True, 'possibly_sensitive': False, 'lang': 'en'}",False,3,0,True,True,en,,,,,
